canonicalArtistId,artist,videoId,sourceUrl,videoType,memo
bts,방탄소년단,_gyultVTesk,https://www.youtube.com/watch?v=_gyultVTesk,official_mv,reviewed_seed_candidate_only; youtube-bts-_gyultVTesk-approved-v1; sourceRun=36800253141
bts,방탄소년단,b4iVv91Z6lY,https://www.youtube.com/watch?v=b4iVv91Z6lY,official_mv,reviewed_seed_candidate_only; youtube-bts-b4iVv91Z6lY-approved-v1; sourceRun=36800253141
bts,방탄소년단,GEk4jHwfFTA,https://www.youtube.com/watch?v=GEk4jHwfFTA,official_mv,reviewed_seed_candidate_only; youtube-bts-GEk4jHwfFTA-approved-v1; sourceRun=36800253141
bts,방탄소년단,A1nu9jg6ciY,https://www.youtube.com/watch?v=A1nu9jg6ciY,dance_practice,reviewed_seed_candidate_only; youtube-bts-A1nu9jg6ciY-approved-v1; sourceRun=36800253141
bts,방탄소년단,8AYxDDrG5uQ,https://www.youtube.com/watch?v=8AYxDDrG5uQ,dance_practice,reviewed_seed_candidate_only; youtube-bts-8AYxDDrG5uQ-approved-v1; sourceRun=36800253141
bts,방탄소년단,GyJS58cAN94,https://www.youtube.com/watch?v=GyJS58cAN94,external_content,reviewed_seed_candidate_only; youtube-bts-GyJS58cAN94-approved-v1; sourceRun=36800253141
blackpink,BLACKPINK,2GJfWMYCWY0,https://www.youtube.com/watch?v=2GJfWMYCWY0,official_mv,reviewed_seed_candidate_only; youtube-blackpink-2GJfWMYCWY0-approved-v1; sourceRun=36800253141
twice,트와이스,FD_oc92GO6k,https://www.youtube.com/watch?v=FD_oc92GO6k,performance_video,reviewed_seed_candidate_only; youtube-twice-FD_oc92GO6k-approved-v1; sourceRun=36800253141
enhypen,엔하이픈,MT-4Bk1Lw8g,https://www.youtube.com/watch?v=MT-4Bk1Lw8g,official_mv,reviewed_seed_candidate_only; youtube-enhypen-MT-4Bk1Lw8g-approved-v1; sourceRun=36800253141
enhypen,엔하이픈,K5SXamqxoio,https://www.youtube.com/watch?v=K5SXamqxoio,official_mv,reviewed_seed_candidate_only; youtube-enhypen-K5SXamqxoio-approved-v1; sourceRun=36800253141
enhypen,엔하이픈,bPjrHu60278,https://www.youtube.com/watch?v=bPjrHu60278,dance_practice,reviewed_seed_candidate_only; youtube-enhypen-bPjrHu60278-approved-v1; sourceRun=36800253141
enhypen,엔하이픈,vU43ebmiPRk,https://www.youtube.com/watch?v=vU43ebmiPRk,dance_practice,reviewed_seed_candidate_only; youtube-enhypen-vU43ebmiPRk-approved-v1; sourceRun=36800253141
enhypen,엔하이픈,X42ixwTgUJk,https://www.youtube.com/watch?v=X42ixwTgUJk,external_content,reviewed_seed_candidate_only; youtube-enhypen-X42ixwTgUJk-approved-v1; sourceRun=36800253141
jungkook,정국,p0nPyE-dv9Q,https://www.youtube.com/watch?v=p0nPyE-dv9Q,performance_video,reviewed_seed_candidate_only; youtube-jungkook-p0nPyE-dv9Q-approved-v1; sourceRun=36800253141
jimin,지민,Y7do-6qV5Dw,https://www.youtube.com/watch?v=Y7do-6qV5Dw,performance_video,reviewed_seed_candidate_only; youtube-jimin-Y7do-6qV5Dw-approved-v1; sourceRun=36800253141
jennie,제니 (JENNIE),s466YCiHfKw,https://www.youtube.com/watch?v=s466YCiHfKw,official_mv,reviewed_seed_candidate_only; youtube-jennie-s466YCiHfKw-approved-v1; sourceRun=36800253141
jennie,제니 (JENNIE),_IT83Y_HcAw,https://www.youtube.com/watch?v=_IT83Y_HcAw,official_mv,reviewed_seed_candidate_only; youtube-jennie-_IT83Y_HcAw-approved-v1; sourceRun=36800253141
lisa,리사(LISA),FyS5dAywkEo,https://www.youtube.com/watch?v=FyS5dAywkEo,official_mv,reviewed_seed_candidate_only; youtube-lisa-FyS5dAywkEo-approved-v1; sourceRun=36800253141
lisa,리사(LISA),J77i-E_0JWg,https://www.youtube.com/watch?v=J77i-E_0JWg,performance_video,reviewed_seed_candidate_only; youtube-lisa-J77i-E_0JWg-approved-v1; sourceRun=36800253141
rose,로제(ROSÉ),Lufa9QAFFeY,https://www.youtube.com/watch?v=Lufa9QAFFeY,official_mv,reviewed_seed_candidate_only; youtube-rose-Lufa9QAFFeY-approved-v1; sourceRun=36800253141
riize,RIIZE,4PBRfhGY1qs,https://www.youtube.com/watch?v=4PBRfhGY1qs,dance_practice,reviewed_seed_candidate_only; youtube-riize-4PBRfhGY1qs-approved-v1; sourceRun=36800253141
riize,RIIZE,p3hkvshy5ko,https://www.youtube.com/watch?v=p3hkvshy5ko,dance_practice,reviewed_seed_candidate_only; youtube-riize-p3hkvshy5ko-approved-v1; sourceRun=36800253141
riize,RIIZE,FM9l_F_tlUc,https://www.youtube.com/watch?v=FM9l_F_tlUc,dance_practice,reviewed_seed_candidate_only; youtube-riize-FM9l_F_tlUc-approved-v1; sourceRun=36800253141
riize,RIIZE,HDGCTtuW-Yo,https://www.youtube.com/watch?v=HDGCTtuW-Yo,official_mv,reviewed_seed_candidate_only; youtube-riize-HDGCTtuW-Yo-approved-v1; sourceRun=36800253141
riize,RIIZE,yfKBI5l81-A,https://www.youtube.com/watch?v=yfKBI5l81-A,official_mv,reviewed_seed_candidate_only; youtube-riize-yfKBI5l81-A-approved-v1; sourceRun=36800253141
riize,RIIZE,RsDXsGIst-s,https://www.youtube.com/watch?v=RsDXsGIst-s,official_mv,reviewed_seed_candidate_only; youtube-riize-RsDXsGIst-s-approved-v1; sourceRun=36800253141
