rank,artist,fandexFinalPoint,previousMasterPoint,deltaFromPreviousMaster,naverPoint,youtubePoint,musicV2RawPoint,musicV2Contribution,lastfmRawPoint,lastfmContribution
1,에스파,361.47,361.47,0.0,214.28,79.04,180.75,45.19,91.8468,22.96
2,에이티즈,338.91,338.91,0.0,226.34,52.43,187.5,46.88,53.0349,13.26
3,아이유,333.43,333.43,0.0,244.89,49.63,139.75,34.94,15.8816,3.97
4,르세라핌,260.23,260.23,0.0,182.26,52.76,6.8,1.7,94.052,23.51
5,뉴진스,254.54,254.54,0.0,201.66,21.54,39.8,9.95,85.5669,21.39
6,보이넥스트도어,245.51,245.51,0.0,187.53,35.42,54.8,13.7,35.4233,8.86
7,아이브,237.94,237.94,0.0,166.58,37.2,100.0,25.0,36.6248,9.16
8,투모로우바이투게더,229.05,229.05,0.0,163.02,49.71,0.0,0.0,65.2858,16.32
9,세븐틴,221.03,221.03,0.0,173.12,42.85,0.0,0.0,20.244,5.06
10,스트레이키즈,155.36,155.36,0.0,90.6,47.99,0.0,0.0,67.0785,16.77
