rank,artist,latestDate,snapshotDateCount,rolling3Status,rolling3ListenerDeltaPerDay,rolling3PlaycountDeltaPerDay,rolling3ListenerLogNormalized,rolling3PlaycountLogNormalized,rolling3PreviewPoint,rolling7Status,rolling7ListenerDeltaPerDay,rolling7PlaycountDeltaPerDay,rolling7ListenerLogNormalized,rolling7PlaycountLogNormalized,rolling7PreviewPoint,activeMode,rollingCombinedPreviewPoint,status
1,르세라핌,2026-09-27,49,ready,574.0,102512.0,100.0,88.6586,94.3293,ready,612.8333,107475.6667,100.0,90.3174,95.1587,rolling3_50_rolling7_50,94.744,ok
2,에스파,2026-09-27,49,ready,495.5,131047.0,90.8056,100.0,95.4028,ready,485.1667,132773.3333,85.3235,100.0,92.6618,rolling3_50_rolling7_50,94.0323,ok
3,뉴진스,2026-09-27,49,ready,548.0,69912.0,97.1016,70.9824,84.042,ready,529.3333,67775.0,90.7967,69.1974,79.997,rolling3_50_rolling7_50,82.0195,ok
4,스트레이키즈,2026-09-27,49,ready,314.5,108895.5,62.4041,91.4484,76.9262,ready,309.5,108487.3333,57.1021,90.7466,73.9243,rolling3_50_rolling7_50,75.4253,ok
5,투모로우바이투게더,2026-09-27,49,ready,258.5,100805.0,50.1645,87.8831,69.0238,ready,262.1667,100137.0,46.6916,87.0778,66.8847,rolling3_50_rolling7_50,67.9543,ok
6,에이티즈,2026-09-27,49,ready,282.0,62247.5,55.5946,65.6198,60.6072,ready,278.3333,58930.6667,50.4441,62.7922,56.6182,rolling3_50_rolling7_50,58.6127,ok
7,아이브,2026-09-27,49,ready,245.5,37035.0,46.9452,41.6393,44.2923,ready,249.5,34748.8333,43.5867,38.5968,41.0917,rolling3_50_rolling7_50,42.692,ok
8,세븐틴,2026-09-27,49,ready,170.0,30641.5,24.0387,32.8875,28.4631,ready,168.3333,29457.8333,18.939,31.0303,24.9846,rolling3_50_rolling7_50,26.7238,ok
9,아이유,2026-09-27,49,ready,255.0,15032.5,49.3139,0.0,24.657,ready,254.0,14962.0,44.7074,0.0,22.3537,rolling3_50_rolling7_50,23.5053,ok
10,보이넥스트도어,2026-09-27,49,ready,115.5,25809.0,0.0,24.9612,12.4806,ready,124.3333,26894.0,0.0,26.8594,13.4297,rolling3_50_rolling7_50,12.9551,ok
