checkDate,checkedAt,artist,platform,status,candidateCount,bestRank,bestTrackTitle,sourceKeys,evidenceFile,sourceVersion
2026-08-31,2026-08-31T23:31:45,뉴진스,bugs,RANKED,2,35,Ditto,bugs_realtime,music_chart_bugs_all_targets_v1_latest.json,music_chart_discover_bugs_all_targets_v1
2026-08-31,2026-08-31T23:31:38,뉴진스,genie,RANKED,4,113,Hype Boy,genie_daily_page_1|genie_daily_page_2|genie_daily_page_3|genie_daily_page_4,music_chart_artist_candidates_v2_raw_latest.json,music_chart_discover_artist_candidates_v2
2026-08-31,2026-08-31T23:31:38,뉴진스,melon,RANKED,1,76,Hype Boy,melon_top100,music_chart_artist_candidates_v2_raw_latest.json,music_chart_discover_artist_candidates_v2
2026-08-31,2026-08-31T23:31:45,르세라핌,bugs,RANKED,1,89,HOT,bugs_realtime,music_chart_bugs_all_targets_v1_latest.json,music_chart_discover_bugs_all_targets_v1
2026-08-31,2026-08-31T23:31:38,르세라핌,genie,RANKED,3,138,SPAGHETTI (Feat. j-hope of BTS),genie_daily_page_1|genie_daily_page_2|genie_daily_page_3|genie_daily_page_4,music_chart_artist_candidates_v2_raw_latest.json,music_chart_discover_artist_candidates_v2
2026-08-31,2026-08-31T23:31:38,르세라핌,melon,RANKED,1,97,SPAGHETTI (feat. j-hope of BTS),melon_top100,music_chart_artist_candidates_v2_raw_latest.json,music_chart_discover_artist_candidates_v2
2026-08-31,2026-08-31T23:31:45,보이넥스트도어,bugs,RANKED,1,77,오늘만 I LOVE YOU,bugs_realtime,music_chart_bugs_all_targets_v1_latest.json,music_chart_discover_bugs_all_targets_v1
2026-08-31,2026-08-31T23:31:38,보이넥스트도어,genie,RANKED,1,141,오늘만 I LOVE YOU,genie_daily_page_1|genie_daily_page_2|genie_daily_page_3|genie_daily_page_4,music_chart_artist_candidates_v2_raw_latest.json,music_chart_discover_artist_candidates_v2
2026-08-31,2026-08-31T23:31:38,보이넥스트도어,melon,RANKED,1,72,오늘만 I LOVE YOU,melon_top100,music_chart_artist_candidates_v2_raw_latest.json,music_chart_discover_artist_candidates_v2
2026-08-31,2026-08-31T23:31:45,세븐틴,bugs,NOT_RANKED,0,,,bugs_realtime,music_chart_bugs_all_targets_v1_latest.json,music_chart_discover_bugs_all_targets_v1
2026-08-31,2026-08-31T23:31:38,세븐틴,genie,NOT_RANKED,0,,,genie_daily_page_1|genie_daily_page_2|genie_daily_page_3|genie_daily_page_4,music_chart_artist_candidates_v2_raw_latest.json,music_chart_discover_artist_candidates_v2
2026-08-31,2026-08-31T23:31:38,세븐틴,melon,NOT_RANKED,0,,,melon_top100,music_chart_artist_candidates_v2_raw_latest.json,music_chart_discover_artist_candidates_v2
2026-08-31,2026-08-31T23:31:45,스트레이키즈,bugs,NOT_RANKED,0,,,bugs_realtime,music_chart_bugs_all_targets_v1_latest.json,music_chart_discover_bugs_all_targets_v1
2026-08-31,2026-08-31T23:31:38,스트레이키즈,genie,NOT_RANKED,0,,,genie_daily_page_1|genie_daily_page_2|genie_daily_page_3|genie_daily_page_4,music_chart_artist_candidates_v2_raw_latest.json,music_chart_discover_artist_candidates_v2
2026-08-31,2026-08-31T23:31:38,스트레이키즈,melon,NOT_RANKED,0,,,melon_top100,music_chart_artist_candidates_v2_raw_latest.json,music_chart_discover_artist_candidates_v2
2026-08-31,2026-08-31T23:31:45,아이브,bugs,RANKED,4,42,BANG BANG,bugs_realtime,music_chart_bugs_all_targets_v1_latest.json,music_chart_discover_bugs_all_targets_v1
2026-08-31,2026-08-31T23:31:38,아이브,genie,RANKED,8,20,BANG BANG,genie_daily_page_1|genie_daily_page_2|genie_daily_page_3|genie_daily_page_4,music_chart_artist_candidates_v2_raw_latest.json,music_chart_discover_artist_candidates_v2
2026-08-31,2026-08-31T23:31:38,아이브,melon,RANKED,3,32,BANG BANG,melon_top100,music_chart_artist_candidates_v2_raw_latest.json,music_chart_discover_artist_candidates_v2
2026-08-31,2026-08-31T23:31:45,아이유,bugs,NOT_RANKED,0,,,bugs_realtime,music_chart_bugs_all_targets_v1_latest.json,music_chart_discover_bugs_all_targets_v1
2026-08-31,2026-08-31T23:31:38,아이유,genie,RANKED,2,108,Love wins all,genie_daily_page_1|genie_daily_page_2|genie_daily_page_3|genie_daily_page_4,music_chart_artist_candidates_v2_raw_latest.json,music_chart_discover_artist_candidates_v2
2026-08-31,2026-08-31T23:31:38,아이유,melon,RANKED,1,88,Love wins all,melon_top100,music_chart_artist_candidates_v2_raw_latest.json,music_chart_discover_artist_candidates_v2
2026-08-31,2026-08-31T23:31:45,에스파,bugs,RANKED,4,12,LEMONADE,bugs_realtime,music_chart_bugs_all_targets_v1_latest.json,music_chart_discover_bugs_all_targets_v1
2026-08-31,2026-08-31T23:31:38,에스파,genie,RANKED,7,5,LEMONADE,genie_daily_page_1|genie_daily_page_2|genie_daily_page_3|genie_daily_page_4,music_chart_artist_candidates_v2_raw_latest.json,music_chart_discover_artist_candidates_v2
2026-08-31,2026-08-31T23:31:38,에스파,melon,RANKED,2,7,LEMONADE,melon_top100,music_chart_artist_candidates_v2_raw_latest.json,music_chart_discover_artist_candidates_v2
2026-08-31,2026-08-31T23:31:45,에이티즈,bugs,RANKED,1,3,BAD,bugs_realtime,music_chart_bugs_all_targets_v1_latest.json,music_chart_discover_bugs_all_targets_v1
2026-08-31,2026-08-31T23:31:38,에이티즈,genie,RANKED,1,9,BAD,genie_daily_page_1|genie_daily_page_2|genie_daily_page_3|genie_daily_page_4,music_chart_artist_candidates_v2_raw_latest.json,music_chart_discover_artist_candidates_v2
2026-08-31,2026-08-31T23:31:38,에이티즈,melon,RANKED,1,8,BAD,melon_top100,music_chart_artist_candidates_v2_raw_latest.json,music_chart_discover_artist_candidates_v2
2026-08-31,2026-08-31T23:31:45,투모로우바이투게더,bugs,NOT_RANKED,0,,,bugs_realtime,music_chart_bugs_all_targets_v1_latest.json,music_chart_discover_bugs_all_targets_v1
2026-08-31,2026-08-31T23:31:38,투모로우바이투게더,genie,NOT_RANKED,0,,,genie_daily_page_1|genie_daily_page_2|genie_daily_page_3|genie_daily_page_4,music_chart_artist_candidates_v2_raw_latest.json,music_chart_discover_artist_candidates_v2
2026-08-31,2026-08-31T23:31:38,투모로우바이투게더,melon,NOT_RANKED,0,,,melon_top100,music_chart_artist_candidates_v2_raw_latest.json,music_chart_discover_artist_candidates_v2
2026-09-01,2026-09-01T11:19:18,뉴진스,bugs,RANKED,2,54,Hype Boy,bugs_realtime,music_chart_bugs_all_targets_v1_latest.json,music_chart_discover_bugs_all_targets_v1
2026-09-01,2026-09-01T11:19:10,뉴진스,genie,RANKED,4,113,Hype Boy,genie_daily_page_1|genie_daily_page_2|genie_daily_page_3|genie_daily_page_4,music_chart_artist_candidates_v2_raw_latest.json,music_chart_discover_artist_candidates_v2
2026-09-01,2026-09-01T11:19:10,뉴진스,melon,RANKED,1,73,Hype Boy,melon_top100,music_chart_artist_candidates_v2_raw_latest.json,music_chart_discover_artist_candidates_v2
2026-09-01,2026-09-01T11:19:18,르세라핌,bugs,RANKED,2,84,BOOMPALA,bugs_realtime,music_chart_bugs_all_targets_v1_latest.json,music_chart_discover_bugs_all_targets_v1
2026-09-01,2026-09-01T11:19:10,르세라핌,genie,RANKED,3,138,SPAGHETTI (Feat. j-hope of BTS),genie_daily_page_1|genie_daily_page_2|genie_daily_page_3|genie_daily_page_4,music_chart_artist_candidates_v2_raw_latest.json,music_chart_discover_artist_candidates_v2
2026-09-01,2026-09-01T11:19:10,르세라핌,melon,RANKED,2,93,SPAGHETTI (feat. j-hope of BTS),melon_top100,music_chart_artist_candidates_v2_raw_latest.json,music_chart_discover_artist_candidates_v2
2026-09-01,2026-09-01T11:19:18,보이넥스트도어,bugs,RANKED,1,89,오늘만 I LOVE YOU,bugs_realtime,music_chart_bugs_all_targets_v1_latest.json,music_chart_discover_bugs_all_targets_v1
2026-09-01,2026-09-01T11:19:10,보이넥스트도어,genie,RANKED,1,141,오늘만 I LOVE YOU,genie_daily_page_1|genie_daily_page_2|genie_daily_page_3|genie_daily_page_4,music_chart_artist_candidates_v2_raw_latest.json,music_chart_discover_artist_candidates_v2
2026-09-01,2026-09-01T11:19:10,보이넥스트도어,melon,RANKED,1,84,오늘만 I LOVE YOU,melon_top100,music_chart_artist_candidates_v2_raw_latest.json,music_chart_discover_artist_candidates_v2
2026-09-01,2026-09-01T11:19:18,세븐틴,bugs,NOT_RANKED,0,,,bugs_realtime,music_chart_bugs_all_targets_v1_latest.json,music_chart_discover_bugs_all_targets_v1
2026-09-01,2026-09-01T11:19:10,세븐틴,genie,NOT_RANKED,0,,,genie_daily_page_1|genie_daily_page_2|genie_daily_page_3|genie_daily_page_4,music_chart_artist_candidates_v2_raw_latest.json,music_chart_discover_artist_candidates_v2
2026-09-01,2026-09-01T11:19:10,세븐틴,melon,NOT_RANKED,0,,,melon_top100,music_chart_artist_candidates_v2_raw_latest.json,music_chart_discover_artist_candidates_v2
2026-09-01,2026-09-01T11:19:18,스트레이키즈,bugs,NOT_RANKED,0,,,bugs_realtime,music_chart_bugs_all_targets_v1_latest.json,music_chart_discover_bugs_all_targets_v1
2026-09-01,2026-09-01T11:19:10,스트레이키즈,genie,NOT_RANKED,0,,,genie_daily_page_1|genie_daily_page_2|genie_daily_page_3|genie_daily_page_4,music_chart_artist_candidates_v2_raw_latest.json,music_chart_discover_artist_candidates_v2
2026-09-01,2026-09-01T11:19:10,스트레이키즈,melon,NOT_RANKED,0,,,melon_top100,music_chart_artist_candidates_v2_raw_latest.json,music_chart_discover_artist_candidates_v2
2026-09-01,2026-09-01T11:19:18,아이브,bugs,RANKED,4,28,BANG BANG,bugs_realtime,music_chart_bugs_all_targets_v1_latest.json,music_chart_discover_bugs_all_targets_v1
2026-09-01,2026-09-01T11:19:10,아이브,genie,RANKED,8,20,BANG BANG,genie_daily_page_1|genie_daily_page_2|genie_daily_page_3|genie_daily_page_4,music_chart_artist_candidates_v2_raw_latest.json,music_chart_discover_artist_candidates_v2
2026-09-01,2026-09-01T11:19:10,아이브,melon,RANKED,3,31,BANG BANG,melon_top100,music_chart_artist_candidates_v2_raw_latest.json,music_chart_discover_artist_candidates_v2
2026-09-01,2026-09-01T11:19:18,아이유,bugs,NOT_RANKED,0,,,bugs_realtime,music_chart_bugs_all_targets_v1_latest.json,music_chart_discover_bugs_all_targets_v1
2026-09-01,2026-09-01T11:19:10,아이유,genie,RANKED,2,108,Love wins all,genie_daily_page_1|genie_daily_page_2|genie_daily_page_3|genie_daily_page_4,music_chart_artist_candidates_v2_raw_latest.json,music_chart_discover_artist_candidates_v2
2026-09-01,2026-09-01T11:19:10,아이유,melon,RANKED,1,85,Love wins all,melon_top100,music_chart_artist_candidates_v2_raw_latest.json,music_chart_discover_artist_candidates_v2
2026-09-01,2026-09-01T11:19:18,에스파,bugs,RANKED,4,13,LEMONADE,bugs_realtime,music_chart_bugs_all_targets_v1_latest.json,music_chart_discover_bugs_all_targets_v1
2026-09-01,2026-09-01T11:19:10,에스파,genie,RANKED,7,5,LEMONADE,genie_daily_page_1|genie_daily_page_2|genie_daily_page_3|genie_daily_page_4,music_chart_artist_candidates_v2_raw_latest.json,music_chart_discover_artist_candidates_v2
2026-09-01,2026-09-01T11:19:10,에스파,melon,RANKED,3,6,LEMONADE,melon_top100,music_chart_artist_candidates_v2_raw_latest.json,music_chart_discover_artist_candidates_v2
2026-09-01,2026-09-01T11:19:18,에이티즈,bugs,RANKED,1,5,BAD,bugs_realtime,music_chart_bugs_all_targets_v1_latest.json,music_chart_discover_bugs_all_targets_v1
2026-09-01,2026-09-01T11:19:10,에이티즈,genie,RANKED,1,9,BAD,genie_daily_page_1|genie_daily_page_2|genie_daily_page_3|genie_daily_page_4,music_chart_artist_candidates_v2_raw_latest.json,music_chart_discover_artist_candidates_v2
2026-09-01,2026-09-01T11:19:10,에이티즈,melon,RANKED,1,9,BAD,melon_top100,music_chart_artist_candidates_v2_raw_latest.json,music_chart_discover_artist_candidates_v2
2026-09-01,2026-09-01T11:19:18,투모로우바이투게더,bugs,NOT_RANKED,0,,,bugs_realtime,music_chart_bugs_all_targets_v1_latest.json,music_chart_discover_bugs_all_targets_v1
2026-09-01,2026-09-01T11:19:10,투모로우바이투게더,genie,NOT_RANKED,0,,,genie_daily_page_1|genie_daily_page_2|genie_daily_page_3|genie_daily_page_4,music_chart_artist_candidates_v2_raw_latest.json,music_chart_discover_artist_candidates_v2
2026-09-01,2026-09-01T11:19:10,투모로우바이투게더,melon,NOT_RANKED,0,,,melon_top100,music_chart_artist_candidates_v2_raw_latest.json,music_chart_discover_artist_candidates_v2
2026-09-02,2026-09-02T10:41:08,뉴진스,bugs,RANKED,2,60,Hype Boy,bugs_realtime,music_chart_bugs_all_targets_v1_latest.json,music_chart_discover_bugs_all_targets_v1
2026-09-02,2026-09-02T10:40:56,뉴진스,genie,RANKED,4,112,Hype Boy,genie_daily_page_1|genie_daily_page_2|genie_daily_page_3|genie_daily_page_4,music_chart_artist_candidates_v2_raw_latest.json,music_chart_discover_artist_candidates_v2
2026-09-02,2026-09-02T10:40:56,뉴진스,melon,RANKED,1,74,Hype Boy,melon_top100,music_chart_artist_candidates_v2_raw_latest.json,music_chart_discover_artist_candidates_v2
2026-09-02,2026-09-02T10:41:08,르세라핌,bugs,RANKED,3,71,BOOMPALA,bugs_realtime,music_chart_bugs_all_targets_v1_latest.json,music_chart_discover_bugs_all_targets_v1
2026-09-02,2026-09-02T10:40:56,르세라핌,genie,RANKED,3,141,SPAGHETTI (Feat. j-hope of BTS),genie_daily_page_1|genie_daily_page_2|genie_daily_page_3|genie_daily_page_4,music_chart_artist_candidates_v2_raw_latest.json,music_chart_discover_artist_candidates_v2
2026-09-02,2026-09-02T10:40:56,르세라핌,melon,RANKED,1,94,SPAGHETTI (feat. j-hope of BTS),melon_top100,music_chart_artist_candidates_v2_raw_latest.json,music_chart_discover_artist_candidates_v2
2026-09-02,2026-09-02T10:41:08,보이넥스트도어,bugs,NOT_RANKED,0,,,bugs_realtime,music_chart_bugs_all_targets_v1_latest.json,music_chart_discover_bugs_all_targets_v1
2026-09-02,2026-09-02T10:40:56,보이넥스트도어,genie,RANKED,1,146,오늘만 I LOVE YOU,genie_daily_page_1|genie_daily_page_2|genie_daily_page_3|genie_daily_page_4,music_chart_artist_candidates_v2_raw_latest.json,music_chart_discover_artist_candidates_v2
2026-09-02,2026-09-02T10:40:56,보이넥스트도어,melon,RANKED,1,84,오늘만 I LOVE YOU,melon_top100,music_chart_artist_candidates_v2_raw_latest.json,music_chart_discover_artist_candidates_v2
2026-09-02,2026-09-02T10:41:08,세븐틴,bugs,NOT_RANKED,0,,,bugs_realtime,music_chart_bugs_all_targets_v1_latest.json,music_chart_discover_bugs_all_targets_v1
2026-09-02,2026-09-02T10:40:56,세븐틴,genie,NOT_RANKED,0,,,genie_daily_page_1|genie_daily_page_2|genie_daily_page_3|genie_daily_page_4,music_chart_artist_candidates_v2_raw_latest.json,music_chart_discover_artist_candidates_v2
2026-09-02,2026-09-02T10:40:56,세븐틴,melon,NOT_RANKED,0,,,melon_top100,music_chart_artist_candidates_v2_raw_latest.json,music_chart_discover_artist_candidates_v2
2026-09-02,2026-09-02T10:41:08,스트레이키즈,bugs,NOT_RANKED,0,,,bugs_realtime,music_chart_bugs_all_targets_v1_latest.json,music_chart_discover_bugs_all_targets_v1
2026-09-02,2026-09-02T10:40:56,스트레이키즈,genie,NOT_RANKED,0,,,genie_daily_page_1|genie_daily_page_2|genie_daily_page_3|genie_daily_page_4,music_chart_artist_candidates_v2_raw_latest.json,music_chart_discover_artist_candidates_v2
2026-09-02,2026-09-02T10:40:56,스트레이키즈,melon,NOT_RANKED,0,,,melon_top100,music_chart_artist_candidates_v2_raw_latest.json,music_chart_discover_artist_candidates_v2
2026-09-02,2026-09-02T10:41:08,아이브,bugs,RANKED,4,39,BANG BANG,bugs_realtime,music_chart_bugs_all_targets_v1_latest.json,music_chart_discover_bugs_all_targets_v1
2026-09-02,2026-09-02T10:40:56,아이브,genie,RANKED,8,21,BANG BANG,genie_daily_page_1|genie_daily_page_2|genie_daily_page_3|genie_daily_page_4,music_chart_artist_candidates_v2_raw_latest.json,music_chart_discover_artist_candidates_v2
2026-09-02,2026-09-02T10:40:56,아이브,melon,RANKED,3,33,BANG BANG,melon_top100,music_chart_artist_candidates_v2_raw_latest.json,music_chart_discover_artist_candidates_v2
2026-09-02,2026-09-02T10:41:08,아이유,bugs,NOT_RANKED,0,,,bugs_realtime,music_chart_bugs_all_targets_v1_latest.json,music_chart_discover_bugs_all_targets_v1
2026-09-02,2026-09-02T10:40:56,아이유,genie,RANKED,2,106,Love wins all,genie_daily_page_1|genie_daily_page_2|genie_daily_page_3|genie_daily_page_4,music_chart_artist_candidates_v2_raw_latest.json,music_chart_discover_artist_candidates_v2
2026-09-02,2026-09-02T10:40:56,아이유,melon,RANKED,1,86,Love wins all,melon_top100,music_chart_artist_candidates_v2_raw_latest.json,music_chart_discover_artist_candidates_v2
2026-09-02,2026-09-02T10:41:08,에스파,bugs,RANKED,4,9,LEMONADE,bugs_realtime,music_chart_bugs_all_targets_v1_latest.json,music_chart_discover_bugs_all_targets_v1
2026-09-02,2026-09-02T10:40:56,에스파,genie,RANKED,7,5,LEMONADE,genie_daily_page_1|genie_daily_page_2|genie_daily_page_3|genie_daily_page_4,music_chart_artist_candidates_v2_raw_latest.json,music_chart_discover_artist_candidates_v2
2026-09-02,2026-09-02T10:40:56,에스파,melon,RANKED,3,6,LEMONADE,melon_top100,music_chart_artist_candidates_v2_raw_latest.json,music_chart_discover_artist_candidates_v2
2026-09-02,2026-09-02T10:41:08,에이티즈,bugs,RANKED,1,5,BAD,bugs_realtime,music_chart_bugs_all_targets_v1_latest.json,music_chart_discover_bugs_all_targets_v1
2026-09-02,2026-09-02T10:40:56,에이티즈,genie,RANKED,1,9,BAD,genie_daily_page_1|genie_daily_page_2|genie_daily_page_3|genie_daily_page_4,music_chart_artist_candidates_v2_raw_latest.json,music_chart_discover_artist_candidates_v2
2026-09-02,2026-09-02T10:40:56,에이티즈,melon,RANKED,1,9,BAD,melon_top100,music_chart_artist_candidates_v2_raw_latest.json,music_chart_discover_artist_candidates_v2
2026-09-02,2026-09-02T10:41:08,투모로우바이투게더,bugs,NOT_RANKED,0,,,bugs_realtime,music_chart_bugs_all_targets_v1_latest.json,music_chart_discover_bugs_all_targets_v1
2026-09-02,2026-09-02T10:40:56,투모로우바이투게더,genie,NOT_RANKED,0,,,genie_daily_page_1|genie_daily_page_2|genie_daily_page_3|genie_daily_page_4,music_chart_artist_candidates_v2_raw_latest.json,music_chart_discover_artist_candidates_v2
2026-09-02,2026-09-02T10:40:56,투모로우바이투게더,melon,NOT_RANKED,0,,,melon_top100,music_chart_artist_candidates_v2_raw_latest.json,music_chart_discover_artist_candidates_v2
2026-09-03,2026-09-03T10:46:16,뉴진스,bugs,RANKED,2,45,Hype Boy,bugs_realtime,music_chart_bugs_all_targets_v1_latest.json,music_chart_discover_bugs_all_targets_v1
2026-09-03,2026-09-03T10:46:06,뉴진스,genie,RANKED,4,113,Hype Boy,genie_daily_page_1|genie_daily_page_2|genie_daily_page_3|genie_daily_page_4,music_chart_artist_candidates_v2_raw_latest.json,music_chart_discover_artist_candidates_v2
2026-09-03,2026-09-03T10:46:06,뉴진스,melon,RANKED,1,74,Hype Boy,melon_top100,music_chart_artist_candidates_v2_raw_latest.json,music_chart_discover_artist_candidates_v2
2026-09-03,2026-09-03T10:46:16,르세라핌,bugs,RANKED,2,68,BOOMPALA,bugs_realtime,music_chart_bugs_all_targets_v1_latest.json,music_chart_discover_bugs_all_targets_v1
2026-09-03,2026-09-03T10:46:06,르세라핌,genie,RANKED,3,141,SPAGHETTI (Feat. j-hope of BTS),genie_daily_page_1|genie_daily_page_2|genie_daily_page_3|genie_daily_page_4,music_chart_artist_candidates_v2_raw_latest.json,music_chart_discover_artist_candidates_v2
2026-09-03,2026-09-03T10:46:06,르세라핌,melon,RANKED,1,94,SPAGHETTI (feat. j-hope of BTS),melon_top100,music_chart_artist_candidates_v2_raw_latest.json,music_chart_discover_artist_candidates_v2
2026-09-03,2026-09-03T10:46:16,보이넥스트도어,bugs,NOT_RANKED,0,,,bugs_realtime,music_chart_bugs_all_targets_v1_latest.json,music_chart_discover_bugs_all_targets_v1
2026-09-03,2026-09-03T10:46:06,보이넥스트도어,genie,RANKED,1,144,오늘만 I LOVE YOU,genie_daily_page_1|genie_daily_page_2|genie_daily_page_3|genie_daily_page_4,music_chart_artist_candidates_v2_raw_latest.json,music_chart_discover_artist_candidates_v2
2026-09-03,2026-09-03T10:46:06,보이넥스트도어,melon,RANKED,1,83,오늘만 I LOVE YOU,melon_top100,music_chart_artist_candidates_v2_raw_latest.json,music_chart_discover_artist_candidates_v2
2026-09-03,2026-09-03T10:46:16,세븐틴,bugs,NOT_RANKED,0,,,bugs_realtime,music_chart_bugs_all_targets_v1_latest.json,music_chart_discover_bugs_all_targets_v1
2026-09-03,2026-09-03T10:46:06,세븐틴,genie,NOT_RANKED,0,,,genie_daily_page_1|genie_daily_page_2|genie_daily_page_3|genie_daily_page_4,music_chart_artist_candidates_v2_raw_latest.json,music_chart_discover_artist_candidates_v2
2026-09-03,2026-09-03T10:46:06,세븐틴,melon,NOT_RANKED,0,,,melon_top100,music_chart_artist_candidates_v2_raw_latest.json,music_chart_discover_artist_candidates_v2
2026-09-03,2026-09-03T10:46:16,스트레이키즈,bugs,NOT_RANKED,0,,,bugs_realtime,music_chart_bugs_all_targets_v1_latest.json,music_chart_discover_bugs_all_targets_v1
2026-09-03,2026-09-03T10:46:06,스트레이키즈,genie,NOT_RANKED,0,,,genie_daily_page_1|genie_daily_page_2|genie_daily_page_3|genie_daily_page_4,music_chart_artist_candidates_v2_raw_latest.json,music_chart_discover_artist_candidates_v2
2026-09-03,2026-09-03T10:46:06,스트레이키즈,melon,NOT_RANKED,0,,,melon_top100,music_chart_artist_candidates_v2_raw_latest.json,music_chart_discover_artist_candidates_v2
2026-09-03,2026-09-03T10:46:16,아이브,bugs,RANKED,4,32,BANG BANG,bugs_realtime,music_chart_bugs_all_targets_v1_latest.json,music_chart_discover_bugs_all_targets_v1
2026-09-03,2026-09-03T10:46:06,아이브,genie,RANKED,8,21,BANG BANG,genie_daily_page_1|genie_daily_page_2|genie_daily_page_3|genie_daily_page_4,music_chart_artist_candidates_v2_raw_latest.json,music_chart_discover_artist_candidates_v2
2026-09-03,2026-09-03T10:46:06,아이브,melon,RANKED,3,33,BANG BANG,melon_top100,music_chart_artist_candidates_v2_raw_latest.json,music_chart_discover_artist_candidates_v2
2026-09-03,2026-09-03T10:46:16,아이유,bugs,NOT_RANKED,0,,,bugs_realtime,music_chart_bugs_all_targets_v1_latest.json,music_chart_discover_bugs_all_targets_v1
2026-09-03,2026-09-03T10:46:06,아이유,genie,RANKED,2,106,Love wins all,genie_daily_page_1|genie_daily_page_2|genie_daily_page_3|genie_daily_page_4,music_chart_artist_candidates_v2_raw_latest.json,music_chart_discover_artist_candidates_v2
2026-09-03,2026-09-03T10:46:06,아이유,melon,RANKED,1,87,Love wins all,melon_top100,music_chart_artist_candidates_v2_raw_latest.json,music_chart_discover_artist_candidates_v2
2026-09-03,2026-09-03T10:46:16,에스파,bugs,RANKED,4,10,LEMONADE,bugs_realtime,music_chart_bugs_all_targets_v1_latest.json,music_chart_discover_bugs_all_targets_v1
2026-09-03,2026-09-03T10:46:06,에스파,genie,RANKED,7,5,LEMONADE,genie_daily_page_1|genie_daily_page_2|genie_daily_page_3|genie_daily_page_4,music_chart_artist_candidates_v2_raw_latest.json,music_chart_discover_artist_candidates_v2
2026-09-03,2026-09-03T10:46:06,에스파,melon,RANKED,3,6,LEMONADE,melon_top100,music_chart_artist_candidates_v2_raw_latest.json,music_chart_discover_artist_candidates_v2
2026-09-03,2026-09-03T10:46:16,에이티즈,bugs,RANKED,1,4,BAD,bugs_realtime,music_chart_bugs_all_targets_v1_latest.json,music_chart_discover_bugs_all_targets_v1
2026-09-03,2026-09-03T10:46:06,에이티즈,genie,RANKED,1,8,BAD,genie_daily_page_1|genie_daily_page_2|genie_daily_page_3|genie_daily_page_4,music_chart_artist_candidates_v2_raw_latest.json,music_chart_discover_artist_candidates_v2
2026-09-03,2026-09-03T10:46:06,에이티즈,melon,RANKED,1,9,BAD,melon_top100,music_chart_artist_candidates_v2_raw_latest.json,music_chart_discover_artist_candidates_v2
2026-09-03,2026-09-03T10:46:16,투모로우바이투게더,bugs,NOT_RANKED,0,,,bugs_realtime,music_chart_bugs_all_targets_v1_latest.json,music_chart_discover_bugs_all_targets_v1
2026-09-03,2026-09-03T10:46:06,투모로우바이투게더,genie,NOT_RANKED,0,,,genie_daily_page_1|genie_daily_page_2|genie_daily_page_3|genie_daily_page_4,music_chart_artist_candidates_v2_raw_latest.json,music_chart_discover_artist_candidates_v2
2026-09-03,2026-09-03T10:46:06,투모로우바이투게더,melon,NOT_RANKED,0,,,melon_top100,music_chart_artist_candidates_v2_raw_latest.json,music_chart_discover_artist_candidates_v2
2026-09-04,2026-09-04T10:40:35,뉴진스,bugs,RANKED,2,46,Hype Boy,bugs_realtime,music_chart_bugs_all_targets_v1_latest.json,music_chart_discover_bugs_all_targets_v1
2026-09-04,2026-09-04T10:40:26,뉴진스,genie,RANKED,4,113,Hype Boy,genie_daily_page_1|genie_daily_page_2|genie_daily_page_3|genie_daily_page_4,music_chart_artist_candidates_v2_raw_latest.json,music_chart_discover_artist_candidates_v2
2026-09-04,2026-09-04T10:40:26,뉴진스,melon,RANKED,1,74,Hype Boy,melon_top100,music_chart_artist_candidates_v2_raw_latest.json,music_chart_discover_artist_candidates_v2
2026-09-04,2026-09-04T10:40:35,르세라핌,bugs,RANKED,3,64,BOOMPALA,bugs_realtime,music_chart_bugs_all_targets_v1_latest.json,music_chart_discover_bugs_all_targets_v1
2026-09-04,2026-09-04T10:40:26,르세라핌,genie,RANKED,3,141,SPAGHETTI (Feat. j-hope of BTS),genie_daily_page_1|genie_daily_page_2|genie_daily_page_3|genie_daily_page_4,music_chart_artist_candidates_v2_raw_latest.json,music_chart_discover_artist_candidates_v2
2026-09-04,2026-09-04T10:40:26,르세라핌,melon,RANKED,1,93,SPAGHETTI (feat. j-hope of BTS),melon_top100,music_chart_artist_candidates_v2_raw_latest.json,music_chart_discover_artist_candidates_v2
2026-09-04,2026-09-04T10:40:35,보이넥스트도어,bugs,RANKED,1,98,오늘만 I LOVE YOU,bugs_realtime,music_chart_bugs_all_targets_v1_latest.json,music_chart_discover_bugs_all_targets_v1
2026-09-04,2026-09-04T10:40:26,보이넥스트도어,genie,RANKED,1,142,오늘만 I LOVE YOU,genie_daily_page_1|genie_daily_page_2|genie_daily_page_3|genie_daily_page_4,music_chart_artist_candidates_v2_raw_latest.json,music_chart_discover_artist_candidates_v2
2026-09-04,2026-09-04T10:40:26,보이넥스트도어,melon,RANKED,1,88,오늘만 I LOVE YOU,melon_top100,music_chart_artist_candidates_v2_raw_latest.json,music_chart_discover_artist_candidates_v2
2026-09-04,2026-09-04T10:40:35,세븐틴,bugs,NOT_RANKED,0,,,bugs_realtime,music_chart_bugs_all_targets_v1_latest.json,music_chart_discover_bugs_all_targets_v1
2026-09-04,2026-09-04T10:40:26,세븐틴,genie,NOT_RANKED,0,,,genie_daily_page_1|genie_daily_page_2|genie_daily_page_3|genie_daily_page_4,music_chart_artist_candidates_v2_raw_latest.json,music_chart_discover_artist_candidates_v2
2026-09-04,2026-09-04T10:40:26,세븐틴,melon,NOT_RANKED,0,,,melon_top100,music_chart_artist_candidates_v2_raw_latest.json,music_chart_discover_artist_candidates_v2
2026-09-04,2026-09-04T10:40:35,스트레이키즈,bugs,NOT_RANKED,0,,,bugs_realtime,music_chart_bugs_all_targets_v1_latest.json,music_chart_discover_bugs_all_targets_v1
2026-09-04,2026-09-04T10:40:26,스트레이키즈,genie,NOT_RANKED,0,,,genie_daily_page_1|genie_daily_page_2|genie_daily_page_3|genie_daily_page_4,music_chart_artist_candidates_v2_raw_latest.json,music_chart_discover_artist_candidates_v2
2026-09-04,2026-09-04T10:40:26,스트레이키즈,melon,NOT_RANKED,0,,,melon_top100,music_chart_artist_candidates_v2_raw_latest.json,music_chart_discover_artist_candidates_v2
2026-09-04,2026-09-04T10:40:35,아이브,bugs,RANKED,3,32,BANG BANG,bugs_realtime,music_chart_bugs_all_targets_v1_latest.json,music_chart_discover_bugs_all_targets_v1
2026-09-04,2026-09-04T10:40:26,아이브,genie,RANKED,8,21,BANG BANG,genie_daily_page_1|genie_daily_page_2|genie_daily_page_3|genie_daily_page_4,music_chart_artist_candidates_v2_raw_latest.json,music_chart_discover_artist_candidates_v2
2026-09-04,2026-09-04T10:40:26,아이브,melon,RANKED,3,33,BANG BANG,melon_top100,music_chart_artist_candidates_v2_raw_latest.json,music_chart_discover_artist_candidates_v2
2026-09-04,2026-09-04T10:40:35,아이유,bugs,NOT_RANKED,0,,,bugs_realtime,music_chart_bugs_all_targets_v1_latest.json,music_chart_discover_bugs_all_targets_v1
2026-09-04,2026-09-04T10:40:26,아이유,genie,RANKED,2,108,Love wins all,genie_daily_page_1|genie_daily_page_2|genie_daily_page_3|genie_daily_page_4,music_chart_artist_candidates_v2_raw_latest.json,music_chart_discover_artist_candidates_v2
2026-09-04,2026-09-04T10:40:26,아이유,melon,RANKED,1,84,Love wins all,melon_top100,music_chart_artist_candidates_v2_raw_latest.json,music_chart_discover_artist_candidates_v2
2026-09-04,2026-09-04T10:40:35,에스파,bugs,RANKED,4,7,LEMONADE,bugs_realtime,music_chart_bugs_all_targets_v1_latest.json,music_chart_discover_bugs_all_targets_v1
2026-09-04,2026-09-04T10:40:26,에스파,genie,RANKED,7,5,LEMONADE,genie_daily_page_1|genie_daily_page_2|genie_daily_page_3|genie_daily_page_4,music_chart_artist_candidates_v2_raw_latest.json,music_chart_discover_artist_candidates_v2
2026-09-04,2026-09-04T10:40:26,에스파,melon,RANKED,3,6,LEMONADE,melon_top100,music_chart_artist_candidates_v2_raw_latest.json,music_chart_discover_artist_candidates_v2
2026-09-04,2026-09-04T10:40:35,에이티즈,bugs,RANKED,1,4,BAD,bugs_realtime,music_chart_bugs_all_targets_v1_latest.json,music_chart_discover_bugs_all_targets_v1
2026-09-04,2026-09-04T10:40:26,에이티즈,genie,RANKED,1,8,BAD,genie_daily_page_1|genie_daily_page_2|genie_daily_page_3|genie_daily_page_4,music_chart_artist_candidates_v2_raw_latest.json,music_chart_discover_artist_candidates_v2
2026-09-04,2026-09-04T10:40:26,에이티즈,melon,RANKED,1,8,BAD,melon_top100,music_chart_artist_candidates_v2_raw_latest.json,music_chart_discover_artist_candidates_v2
2026-09-04,2026-09-04T10:40:35,투모로우바이투게더,bugs,NOT_RANKED,0,,,bugs_realtime,music_chart_bugs_all_targets_v1_latest.json,music_chart_discover_bugs_all_targets_v1
2026-09-04,2026-09-04T10:40:26,투모로우바이투게더,genie,NOT_RANKED,0,,,genie_daily_page_1|genie_daily_page_2|genie_daily_page_3|genie_daily_page_4,music_chart_artist_candidates_v2_raw_latest.json,music_chart_discover_artist_candidates_v2
2026-09-04,2026-09-04T10:40:26,투모로우바이투게더,melon,NOT_RANKED,0,,,melon_top100,music_chart_artist_candidates_v2_raw_latest.json,music_chart_discover_artist_candidates_v2
2026-09-05,2026-09-05T10:41:15,뉴진스,bugs,RANKED,2,49,Hype Boy,bugs_realtime,music_chart_bugs_all_targets_v1_latest.json,music_chart_discover_bugs_all_targets_v1
2026-09-05,2026-09-05T10:41:05,뉴진스,genie,RANKED,4,112,Hype Boy,genie_daily_page_1|genie_daily_page_2|genie_daily_page_3|genie_daily_page_4,music_chart_artist_candidates_v2_raw_latest.json,music_chart_discover_artist_candidates_v2
2026-09-05,2026-09-05T10:41:05,뉴진스,melon,RANKED,1,74,Hype Boy,melon_top100,music_chart_artist_candidates_v2_raw_latest.json,music_chart_discover_artist_candidates_v2
2026-09-05,2026-09-05T10:41:15,르세라핌,bugs,RANKED,3,85,BOOMPALA,bugs_realtime,music_chart_bugs_all_targets_v1_latest.json,music_chart_discover_bugs_all_targets_v1
2026-09-05,2026-09-05T10:41:05,르세라핌,genie,RANKED,3,143,SPAGHETTI (Feat. j-hope of BTS),genie_daily_page_1|genie_daily_page_2|genie_daily_page_3|genie_daily_page_4,music_chart_artist_candidates_v2_raw_latest.json,music_chart_discover_artist_candidates_v2
2026-09-05,2026-09-05T10:41:05,르세라핌,melon,RANKED,2,95,SPAGHETTI (feat. j-hope of BTS),melon_top100,music_chart_artist_candidates_v2_raw_latest.json,music_chart_discover_artist_candidates_v2
2026-09-05,2026-09-05T10:41:15,보이넥스트도어,bugs,NOT_RANKED,0,,,bugs_realtime,music_chart_bugs_all_targets_v1_latest.json,music_chart_discover_bugs_all_targets_v1
2026-09-05,2026-09-05T10:41:05,보이넥스트도어,genie,RANKED,1,145,오늘만 I LOVE YOU,genie_daily_page_1|genie_daily_page_2|genie_daily_page_3|genie_daily_page_4,music_chart_artist_candidates_v2_raw_latest.json,music_chart_discover_artist_candidates_v2
2026-09-05,2026-09-05T10:41:05,보이넥스트도어,melon,RANKED,1,83,오늘만 I LOVE YOU,melon_top100,music_chart_artist_candidates_v2_raw_latest.json,music_chart_discover_artist_candidates_v2
2026-09-05,2026-09-05T10:41:15,세븐틴,bugs,NOT_RANKED,0,,,bugs_realtime,music_chart_bugs_all_targets_v1_latest.json,music_chart_discover_bugs_all_targets_v1
2026-09-05,2026-09-05T10:41:05,세븐틴,genie,NOT_RANKED,0,,,genie_daily_page_1|genie_daily_page_2|genie_daily_page_3|genie_daily_page_4,music_chart_artist_candidates_v2_raw_latest.json,music_chart_discover_artist_candidates_v2
2026-09-05,2026-09-05T10:41:05,세븐틴,melon,NOT_RANKED,0,,,melon_top100,music_chart_artist_candidates_v2_raw_latest.json,music_chart_discover_artist_candidates_v2
2026-09-05,2026-09-05T10:41:15,스트레이키즈,bugs,NOT_RANKED,0,,,bugs_realtime,music_chart_bugs_all_targets_v1_latest.json,music_chart_discover_bugs_all_targets_v1
2026-09-05,2026-09-05T10:41:05,스트레이키즈,genie,NOT_RANKED,0,,,genie_daily_page_1|genie_daily_page_2|genie_daily_page_3|genie_daily_page_4,music_chart_artist_candidates_v2_raw_latest.json,music_chart_discover_artist_candidates_v2
2026-09-05,2026-09-05T10:41:05,스트레이키즈,melon,NOT_RANKED,0,,,melon_top100,music_chart_artist_candidates_v2_raw_latest.json,music_chart_discover_artist_candidates_v2
2026-09-05,2026-09-05T10:41:15,아이브,bugs,RANKED,4,29,BANG BANG,bugs_realtime,music_chart_bugs_all_targets_v1_latest.json,music_chart_discover_bugs_all_targets_v1
2026-09-05,2026-09-05T10:41:05,아이브,genie,RANKED,8,21,BANG BANG,genie_daily_page_1|genie_daily_page_2|genie_daily_page_3|genie_daily_page_4,music_chart_artist_candidates_v2_raw_latest.json,music_chart_discover_artist_candidates_v2
2026-09-05,2026-09-05T10:41:05,아이브,melon,RANKED,3,32,BANG BANG,melon_top100,music_chart_artist_candidates_v2_raw_latest.json,music_chart_discover_artist_candidates_v2
2026-09-05,2026-09-05T10:41:15,아이유,bugs,NOT_RANKED,0,,,bugs_realtime,music_chart_bugs_all_targets_v1_latest.json,music_chart_discover_bugs_all_targets_v1
2026-09-05,2026-09-05T10:41:05,아이유,genie,RANKED,2,108,Love wins all,genie_daily_page_1|genie_daily_page_2|genie_daily_page_3|genie_daily_page_4,music_chart_artist_candidates_v2_raw_latest.json,music_chart_discover_artist_candidates_v2
2026-09-05,2026-09-05T10:41:05,아이유,melon,RANKED,1,87,Love wins all,melon_top100,music_chart_artist_candidates_v2_raw_latest.json,music_chart_discover_artist_candidates_v2
2026-09-05,2026-09-05T10:41:15,에스파,bugs,RANKED,4,10,LEMONADE,bugs_realtime,music_chart_bugs_all_targets_v1_latest.json,music_chart_discover_bugs_all_targets_v1
2026-09-05,2026-09-05T10:41:05,에스파,genie,RANKED,7,5,LEMONADE,genie_daily_page_1|genie_daily_page_2|genie_daily_page_3|genie_daily_page_4,music_chart_artist_candidates_v2_raw_latest.json,music_chart_discover_artist_candidates_v2
2026-09-05,2026-09-05T10:41:05,에스파,melon,RANKED,3,6,LEMONADE,melon_top100,music_chart_artist_candidates_v2_raw_latest.json,music_chart_discover_artist_candidates_v2
2026-09-05,2026-09-05T10:41:15,에이티즈,bugs,RANKED,1,3,BAD,bugs_realtime,music_chart_bugs_all_targets_v1_latest.json,music_chart_discover_bugs_all_targets_v1
2026-09-05,2026-09-05T10:41:05,에이티즈,genie,RANKED,1,8,BAD,genie_daily_page_1|genie_daily_page_2|genie_daily_page_3|genie_daily_page_4,music_chart_artist_candidates_v2_raw_latest.json,music_chart_discover_artist_candidates_v2
2026-09-05,2026-09-05T10:41:05,에이티즈,melon,RANKED,1,8,BAD,melon_top100,music_chart_artist_candidates_v2_raw_latest.json,music_chart_discover_artist_candidates_v2
2026-09-05,2026-09-05T10:41:15,투모로우바이투게더,bugs,NOT_RANKED,0,,,bugs_realtime,music_chart_bugs_all_targets_v1_latest.json,music_chart_discover_bugs_all_targets_v1
2026-09-05,2026-09-05T10:41:05,투모로우바이투게더,genie,NOT_RANKED,0,,,genie_daily_page_1|genie_daily_page_2|genie_daily_page_3|genie_daily_page_4,music_chart_artist_candidates_v2_raw_latest.json,music_chart_discover_artist_candidates_v2
2026-09-05,2026-09-05T10:41:05,투모로우바이투게더,melon,NOT_RANKED,0,,,melon_top100,music_chart_artist_candidates_v2_raw_latest.json,music_chart_discover_artist_candidates_v2
2026-09-06,2026-09-06T10:35:21,뉴진스,bugs,RANKED,2,46,Ditto,bugs_realtime,music_chart_bugs_all_targets_v1_latest.json,music_chart_discover_bugs_all_targets_v1
2026-09-06,2026-09-06T10:35:12,뉴진스,genie,RANKED,4,113,Hype Boy,genie_daily_page_1|genie_daily_page_2|genie_daily_page_3|genie_daily_page_4,music_chart_artist_candidates_v2_raw_latest.json,music_chart_discover_artist_candidates_v2
2026-09-06,2026-09-06T10:35:12,뉴진스,melon,RANKED,1,81,Hype Boy,melon_top100,music_chart_artist_candidates_v2_raw_latest.json,music_chart_discover_artist_candidates_v2
2026-09-06,2026-09-06T10:35:21,르세라핌,bugs,RANKED,3,77,HOT,bugs_realtime,music_chart_bugs_all_targets_v1_latest.json,music_chart_discover_bugs_all_targets_v1
2026-09-06,2026-09-06T10:35:12,르세라핌,genie,RANKED,3,142,SPAGHETTI (Feat. j-hope of BTS),genie_daily_page_1|genie_daily_page_2|genie_daily_page_3|genie_daily_page_4,music_chart_artist_candidates_v2_raw_latest.json,music_chart_discover_artist_candidates_v2
2026-09-06,2026-09-06T10:35:12,르세라핌,melon,RANKED,1,99,SPAGHETTI (feat. j-hope of BTS),melon_top100,music_chart_artist_candidates_v2_raw_latest.json,music_chart_discover_artist_candidates_v2
2026-09-06,2026-09-06T10:35:21,보이넥스트도어,bugs,RANKED,1,94,오늘만 I LOVE YOU,bugs_realtime,music_chart_bugs_all_targets_v1_latest.json,music_chart_discover_bugs_all_targets_v1
2026-09-06,2026-09-06T10:35:12,보이넥스트도어,genie,RANKED,1,145,오늘만 I LOVE YOU,genie_daily_page_1|genie_daily_page_2|genie_daily_page_3|genie_daily_page_4,music_chart_artist_candidates_v2_raw_latest.json,music_chart_discover_artist_candidates_v2
2026-09-06,2026-09-06T10:35:12,보이넥스트도어,melon,RANKED,1,83,오늘만 I LOVE YOU,melon_top100,music_chart_artist_candidates_v2_raw_latest.json,music_chart_discover_artist_candidates_v2
2026-09-06,2026-09-06T10:35:21,세븐틴,bugs,NOT_RANKED,0,,,bugs_realtime,music_chart_bugs_all_targets_v1_latest.json,music_chart_discover_bugs_all_targets_v1
2026-09-06,2026-09-06T10:35:12,세븐틴,genie,NOT_RANKED,0,,,genie_daily_page_1|genie_daily_page_2|genie_daily_page_3|genie_daily_page_4,music_chart_artist_candidates_v2_raw_latest.json,music_chart_discover_artist_candidates_v2
2026-09-06,2026-09-06T10:35:12,세븐틴,melon,NOT_RANKED,0,,,melon_top100,music_chart_artist_candidates_v2_raw_latest.json,music_chart_discover_artist_candidates_v2
2026-09-06,2026-09-06T10:35:21,스트레이키즈,bugs,NOT_RANKED,0,,,bugs_realtime,music_chart_bugs_all_targets_v1_latest.json,music_chart_discover_bugs_all_targets_v1
2026-09-06,2026-09-06T10:35:12,스트레이키즈,genie,NOT_RANKED,0,,,genie_daily_page_1|genie_daily_page_2|genie_daily_page_3|genie_daily_page_4,music_chart_artist_candidates_v2_raw_latest.json,music_chart_discover_artist_candidates_v2
2026-09-06,2026-09-06T10:35:12,스트레이키즈,melon,NOT_RANKED,0,,,melon_top100,music_chart_artist_candidates_v2_raw_latest.json,music_chart_discover_artist_candidates_v2
2026-09-06,2026-09-06T10:35:21,아이브,bugs,RANKED,4,40,BANG BANG,bugs_realtime,music_chart_bugs_all_targets_v1_latest.json,music_chart_discover_bugs_all_targets_v1
2026-09-06,2026-09-06T10:35:12,아이브,genie,RANKED,8,21,BANG BANG,genie_daily_page_1|genie_daily_page_2|genie_daily_page_3|genie_daily_page_4,music_chart_artist_candidates_v2_raw_latest.json,music_chart_discover_artist_candidates_v2
2026-09-06,2026-09-06T10:35:12,아이브,melon,RANKED,3,31,BANG BANG,melon_top100,music_chart_artist_candidates_v2_raw_latest.json,music_chart_discover_artist_candidates_v2
2026-09-06,2026-09-06T10:35:21,아이유,bugs,NOT_RANKED,0,,,bugs_realtime,music_chart_bugs_all_targets_v1_latest.json,music_chart_discover_bugs_all_targets_v1
2026-09-06,2026-09-06T10:35:12,아이유,genie,RANKED,2,108,Love wins all,genie_daily_page_1|genie_daily_page_2|genie_daily_page_3|genie_daily_page_4,music_chart_artist_candidates_v2_raw_latest.json,music_chart_discover_artist_candidates_v2
2026-09-06,2026-09-06T10:35:12,아이유,melon,RANKED,1,87,Love wins all,melon_top100,music_chart_artist_candidates_v2_raw_latest.json,music_chart_discover_artist_candidates_v2
2026-09-06,2026-09-06T10:35:21,에스파,bugs,RANKED,4,9,LEMONADE,bugs_realtime,music_chart_bugs_all_targets_v1_latest.json,music_chart_discover_bugs_all_targets_v1
2026-09-06,2026-09-06T10:35:12,에스파,genie,RANKED,7,5,LEMONADE,genie_daily_page_1|genie_daily_page_2|genie_daily_page_3|genie_daily_page_4,music_chart_artist_candidates_v2_raw_latest.json,music_chart_discover_artist_candidates_v2
2026-09-06,2026-09-06T10:35:12,에스파,melon,RANKED,2,6,LEMONADE,melon_top100,music_chart_artist_candidates_v2_raw_latest.json,music_chart_discover_artist_candidates_v2
2026-09-06,2026-09-06T10:35:21,에이티즈,bugs,RANKED,1,2,BAD,bugs_realtime,music_chart_bugs_all_targets_v1_latest.json,music_chart_discover_bugs_all_targets_v1
2026-09-06,2026-09-06T10:35:12,에이티즈,genie,RANKED,1,8,BAD,genie_daily_page_1|genie_daily_page_2|genie_daily_page_3|genie_daily_page_4,music_chart_artist_candidates_v2_raw_latest.json,music_chart_discover_artist_candidates_v2
2026-09-06,2026-09-06T10:35:12,에이티즈,melon,RANKED,1,8,BAD,melon_top100,music_chart_artist_candidates_v2_raw_latest.json,music_chart_discover_artist_candidates_v2
2026-09-06,2026-09-06T10:35:21,투모로우바이투게더,bugs,NOT_RANKED,0,,,bugs_realtime,music_chart_bugs_all_targets_v1_latest.json,music_chart_discover_bugs_all_targets_v1
2026-09-06,2026-09-06T10:35:12,투모로우바이투게더,genie,NOT_RANKED,0,,,genie_daily_page_1|genie_daily_page_2|genie_daily_page_3|genie_daily_page_4,music_chart_artist_candidates_v2_raw_latest.json,music_chart_discover_artist_candidates_v2
2026-09-06,2026-09-06T10:35:12,투모로우바이투게더,melon,NOT_RANKED,0,,,melon_top100,music_chart_artist_candidates_v2_raw_latest.json,music_chart_discover_artist_candidates_v2
2026-09-07,2026-09-07T10:33:44,뉴진스,bugs,RANKED,2,61,Hype Boy,bugs_realtime,music_chart_bugs_all_targets_v1_latest.json,music_chart_discover_bugs_all_targets_v1
2026-09-07,2026-09-07T10:33:32,뉴진스,genie,RANKED,4,112,Hype Boy,genie_daily_page_1|genie_daily_page_2|genie_daily_page_3|genie_daily_page_4,music_chart_artist_candidates_v2_raw_latest.json,music_chart_discover_artist_candidates_v2
2026-09-07,2026-09-07T10:33:32,뉴진스,melon,RANKED,1,76,Hype Boy,melon_top100,music_chart_artist_candidates_v2_raw_latest.json,music_chart_discover_artist_candidates_v2
2026-09-07,2026-09-07T10:33:44,르세라핌,bugs,RANKED,2,90,BOOMPALA,bugs_realtime,music_chart_bugs_all_targets_v1_latest.json,music_chart_discover_bugs_all_targets_v1
2026-09-07,2026-09-07T10:33:32,르세라핌,genie,RANKED,3,143,SPAGHETTI (Feat. j-hope of BTS),genie_daily_page_1|genie_daily_page_2|genie_daily_page_3|genie_daily_page_4,music_chart_artist_candidates_v2_raw_latest.json,music_chart_discover_artist_candidates_v2
2026-09-07,2026-09-07T10:33:32,르세라핌,melon,RANKED,1,93,SPAGHETTI (feat. j-hope of BTS),melon_top100,music_chart_artist_candidates_v2_raw_latest.json,music_chart_discover_artist_candidates_v2
2026-09-07,2026-09-07T10:33:44,보이넥스트도어,bugs,NOT_RANKED,0,,,bugs_realtime,music_chart_bugs_all_targets_v1_latest.json,music_chart_discover_bugs_all_targets_v1
2026-09-07,2026-09-07T10:33:32,보이넥스트도어,genie,RANKED,1,139,오늘만 I LOVE YOU,genie_daily_page_1|genie_daily_page_2|genie_daily_page_3|genie_daily_page_4,music_chart_artist_candidates_v2_raw_latest.json,music_chart_discover_artist_candidates_v2
2026-09-07,2026-09-07T10:33:32,보이넥스트도어,melon,RANKED,1,82,오늘만 I LOVE YOU,melon_top100,music_chart_artist_candidates_v2_raw_latest.json,music_chart_discover_artist_candidates_v2
2026-09-07,2026-09-07T10:33:44,세븐틴,bugs,NOT_RANKED,0,,,bugs_realtime,music_chart_bugs_all_targets_v1_latest.json,music_chart_discover_bugs_all_targets_v1
2026-09-07,2026-09-07T10:33:32,세븐틴,genie,NOT_RANKED,0,,,genie_daily_page_1|genie_daily_page_2|genie_daily_page_3|genie_daily_page_4,music_chart_artist_candidates_v2_raw_latest.json,music_chart_discover_artist_candidates_v2
2026-09-07,2026-09-07T10:33:32,세븐틴,melon,NOT_RANKED,0,,,melon_top100,music_chart_artist_candidates_v2_raw_latest.json,music_chart_discover_artist_candidates_v2
2026-09-07,2026-09-07T10:33:44,스트레이키즈,bugs,NOT_RANKED,0,,,bugs_realtime,music_chart_bugs_all_targets_v1_latest.json,music_chart_discover_bugs_all_targets_v1
2026-09-07,2026-09-07T10:33:32,스트레이키즈,genie,NOT_RANKED,0,,,genie_daily_page_1|genie_daily_page_2|genie_daily_page_3|genie_daily_page_4,music_chart_artist_candidates_v2_raw_latest.json,music_chart_discover_artist_candidates_v2
2026-09-07,2026-09-07T10:33:32,스트레이키즈,melon,NOT_RANKED,0,,,melon_top100,music_chart_artist_candidates_v2_raw_latest.json,music_chart_discover_artist_candidates_v2
2026-09-07,2026-09-07T10:33:44,아이브,bugs,RANKED,4,34,BANG BANG,bugs_realtime,music_chart_bugs_all_targets_v1_latest.json,music_chart_discover_bugs_all_targets_v1
2026-09-07,2026-09-07T10:33:32,아이브,genie,RANKED,8,21,BANG BANG,genie_daily_page_1|genie_daily_page_2|genie_daily_page_3|genie_daily_page_4,music_chart_artist_candidates_v2_raw_latest.json,music_chart_discover_artist_candidates_v2
2026-09-07,2026-09-07T10:33:32,아이브,melon,RANKED,3,31,BANG BANG,melon_top100,music_chart_artist_candidates_v2_raw_latest.json,music_chart_discover_artist_candidates_v2
2026-09-07,2026-09-07T10:33:44,아이유,bugs,NOT_RANKED,0,,,bugs_realtime,music_chart_bugs_all_targets_v1_latest.json,music_chart_discover_bugs_all_targets_v1
2026-09-07,2026-09-07T10:33:32,아이유,genie,RANKED,2,108,Love wins all,genie_daily_page_1|genie_daily_page_2|genie_daily_page_3|genie_daily_page_4,music_chart_artist_candidates_v2_raw_latest.json,music_chart_discover_artist_candidates_v2
2026-09-07,2026-09-07T10:33:32,아이유,melon,RANKED,1,85,Love wins all,melon_top100,music_chart_artist_candidates_v2_raw_latest.json,music_chart_discover_artist_candidates_v2
2026-09-07,2026-09-07T10:33:44,에스파,bugs,RANKED,4,10,LEMONADE,bugs_realtime,music_chart_bugs_all_targets_v1_latest.json,music_chart_discover_bugs_all_targets_v1
2026-09-07,2026-09-07T10:33:32,에스파,genie,RANKED,7,5,LEMONADE,genie_daily_page_1|genie_daily_page_2|genie_daily_page_3|genie_daily_page_4,music_chart_artist_candidates_v2_raw_latest.json,music_chart_discover_artist_candidates_v2
2026-09-07,2026-09-07T10:33:32,에스파,melon,RANKED,3,8,LEMONADE,melon_top100,music_chart_artist_candidates_v2_raw_latest.json,music_chart_discover_artist_candidates_v2
2026-09-07,2026-09-07T10:33:44,에이티즈,bugs,RANKED,1,2,BAD,bugs_realtime,music_chart_bugs_all_targets_v1_latest.json,music_chart_discover_bugs_all_targets_v1
2026-09-07,2026-09-07T10:33:32,에이티즈,genie,RANKED,1,9,BAD,genie_daily_page_1|genie_daily_page_2|genie_daily_page_3|genie_daily_page_4,music_chart_artist_candidates_v2_raw_latest.json,music_chart_discover_artist_candidates_v2
2026-09-07,2026-09-07T10:33:32,에이티즈,melon,RANKED,1,7,BAD,melon_top100,music_chart_artist_candidates_v2_raw_latest.json,music_chart_discover_artist_candidates_v2
2026-09-07,2026-09-07T10:33:44,투모로우바이투게더,bugs,NOT_RANKED,0,,,bugs_realtime,music_chart_bugs_all_targets_v1_latest.json,music_chart_discover_bugs_all_targets_v1
2026-09-07,2026-09-07T10:33:32,투모로우바이투게더,genie,NOT_RANKED,0,,,genie_daily_page_1|genie_daily_page_2|genie_daily_page_3|genie_daily_page_4,music_chart_artist_candidates_v2_raw_latest.json,music_chart_discover_artist_candidates_v2
2026-09-07,2026-09-07T10:33:32,투모로우바이투게더,melon,NOT_RANKED,0,,,melon_top100,music_chart_artist_candidates_v2_raw_latest.json,music_chart_discover_artist_candidates_v2
2026-09-08,2026-09-08T10:43:41,뉴진스,bugs,RANKED,2,54,Hype Boy,bugs_realtime,music_chart_bugs_all_targets_v1_latest.json,music_chart_discover_bugs_all_targets_v1
2026-09-08,2026-09-08T10:43:31,뉴진스,genie,RANKED,4,112,Hype Boy,genie_daily_page_1|genie_daily_page_2|genie_daily_page_3|genie_daily_page_4,music_chart_artist_candidates_v2_raw_latest.json,music_chart_discover_artist_candidates_v2
2026-09-08,2026-09-08T10:43:31,뉴진스,melon,RANKED,1,76,Hype Boy,melon_top100,music_chart_artist_candidates_v2_raw_latest.json,music_chart_discover_artist_candidates_v2
2026-09-08,2026-09-08T10:43:41,르세라핌,bugs,RANKED,2,63,SPAGHETTI (feat. j-hope of BTS),bugs_realtime,music_chart_bugs_all_targets_v1_latest.json,music_chart_discover_bugs_all_targets_v1
2026-09-08,2026-09-08T10:43:31,르세라핌,genie,RANKED,3,144,SPAGHETTI (Feat. j-hope of BTS),genie_daily_page_1|genie_daily_page_2|genie_daily_page_3|genie_daily_page_4,music_chart_artist_candidates_v2_raw_latest.json,music_chart_discover_artist_candidates_v2
2026-09-08,2026-09-08T10:43:31,르세라핌,melon,RANKED,1,98,SPAGHETTI (feat. j-hope of BTS),melon_top100,music_chart_artist_candidates_v2_raw_latest.json,music_chart_discover_artist_candidates_v2
2026-09-08,2026-09-08T10:43:41,보이넥스트도어,bugs,NOT_RANKED,0,,,bugs_realtime,music_chart_bugs_all_targets_v1_latest.json,music_chart_discover_bugs_all_targets_v1
2026-09-08,2026-09-08T10:43:31,보이넥스트도어,genie,RANKED,1,141,오늘만 I LOVE YOU,genie_daily_page_1|genie_daily_page_2|genie_daily_page_3|genie_daily_page_4,music_chart_artist_candidates_v2_raw_latest.json,music_chart_discover_artist_candidates_v2
2026-09-08,2026-09-08T10:43:31,보이넥스트도어,melon,RANKED,1,82,오늘만 I LOVE YOU,melon_top100,music_chart_artist_candidates_v2_raw_latest.json,music_chart_discover_artist_candidates_v2
2026-09-08,2026-09-08T10:43:41,세븐틴,bugs,NOT_RANKED,0,,,bugs_realtime,music_chart_bugs_all_targets_v1_latest.json,music_chart_discover_bugs_all_targets_v1
2026-09-08,2026-09-08T10:43:31,세븐틴,genie,NOT_RANKED,0,,,genie_daily_page_1|genie_daily_page_2|genie_daily_page_3|genie_daily_page_4,music_chart_artist_candidates_v2_raw_latest.json,music_chart_discover_artist_candidates_v2
2026-09-08,2026-09-08T10:43:31,세븐틴,melon,NOT_RANKED,0,,,melon_top100,music_chart_artist_candidates_v2_raw_latest.json,music_chart_discover_artist_candidates_v2
2026-09-08,2026-09-08T10:43:41,스트레이키즈,bugs,NOT_RANKED,0,,,bugs_realtime,music_chart_bugs_all_targets_v1_latest.json,music_chart_discover_bugs_all_targets_v1
2026-09-08,2026-09-08T10:43:31,스트레이키즈,genie,NOT_RANKED,0,,,genie_daily_page_1|genie_daily_page_2|genie_daily_page_3|genie_daily_page_4,music_chart_artist_candidates_v2_raw_latest.json,music_chart_discover_artist_candidates_v2
2026-09-08,2026-09-08T10:43:31,스트레이키즈,melon,NOT_RANKED,0,,,melon_top100,music_chart_artist_candidates_v2_raw_latest.json,music_chart_discover_artist_candidates_v2
2026-09-08,2026-09-08T10:43:41,아이브,bugs,RANKED,3,41,BANG BANG,bugs_realtime,music_chart_bugs_all_targets_v1_latest.json,music_chart_discover_bugs_all_targets_v1
2026-09-08,2026-09-08T10:43:31,아이브,genie,RANKED,8,21,BANG BANG,genie_daily_page_1|genie_daily_page_2|genie_daily_page_3|genie_daily_page_4,music_chart_artist_candidates_v2_raw_latest.json,music_chart_discover_artist_candidates_v2
2026-09-08,2026-09-08T10:43:31,아이브,melon,RANKED,3,33,BANG BANG,melon_top100,music_chart_artist_candidates_v2_raw_latest.json,music_chart_discover_artist_candidates_v2
2026-09-08,2026-09-08T10:43:41,아이유,bugs,NOT_RANKED,0,,,bugs_realtime,music_chart_bugs_all_targets_v1_latest.json,music_chart_discover_bugs_all_targets_v1
2026-09-08,2026-09-08T10:43:31,아이유,genie,RANKED,2,108,Love wins all,genie_daily_page_1|genie_daily_page_2|genie_daily_page_3|genie_daily_page_4,music_chart_artist_candidates_v2_raw_latest.json,music_chart_discover_artist_candidates_v2
2026-09-08,2026-09-08T10:43:31,아이유,melon,RANKED,1,86,Love wins all,melon_top100,music_chart_artist_candidates_v2_raw_latest.json,music_chart_discover_artist_candidates_v2
2026-09-08,2026-09-08T10:43:41,에스파,bugs,RANKED,4,7,LEMONADE,bugs_realtime,music_chart_bugs_all_targets_v1_latest.json,music_chart_discover_bugs_all_targets_v1
2026-09-08,2026-09-08T10:43:31,에스파,genie,RANKED,7,5,LEMONADE,genie_daily_page_1|genie_daily_page_2|genie_daily_page_3|genie_daily_page_4,music_chart_artist_candidates_v2_raw_latest.json,music_chart_discover_artist_candidates_v2
2026-09-08,2026-09-08T10:43:31,에스파,melon,RANKED,3,9,LEMONADE,melon_top100,music_chart_artist_candidates_v2_raw_latest.json,music_chart_discover_artist_candidates_v2
2026-09-08,2026-09-08T10:43:41,에이티즈,bugs,RANKED,1,2,BAD,bugs_realtime,music_chart_bugs_all_targets_v1_latest.json,music_chart_discover_bugs_all_targets_v1
2026-09-08,2026-09-08T10:43:31,에이티즈,genie,RANKED,1,8,BAD,genie_daily_page_1|genie_daily_page_2|genie_daily_page_3|genie_daily_page_4,music_chart_artist_candidates_v2_raw_latest.json,music_chart_discover_artist_candidates_v2
2026-09-08,2026-09-08T10:43:31,에이티즈,melon,RANKED,1,7,BAD,melon_top100,music_chart_artist_candidates_v2_raw_latest.json,music_chart_discover_artist_candidates_v2
2026-09-08,2026-09-08T10:43:41,투모로우바이투게더,bugs,NOT_RANKED,0,,,bugs_realtime,music_chart_bugs_all_targets_v1_latest.json,music_chart_discover_bugs_all_targets_v1
2026-09-08,2026-09-08T10:43:31,투모로우바이투게더,genie,NOT_RANKED,0,,,genie_daily_page_1|genie_daily_page_2|genie_daily_page_3|genie_daily_page_4,music_chart_artist_candidates_v2_raw_latest.json,music_chart_discover_artist_candidates_v2
2026-09-08,2026-09-08T10:43:31,투모로우바이투게더,melon,NOT_RANKED,0,,,melon_top100,music_chart_artist_candidates_v2_raw_latest.json,music_chart_discover_artist_candidates_v2
2026-09-09,2026-09-09T10:50:45,뉴진스,bugs,RANKED,2,58,Hype Boy,bugs_realtime,music_chart_bugs_all_targets_v1_latest.json,music_chart_discover_bugs_all_targets_v1
2026-09-09,2026-09-09T10:50:37,뉴진스,genie,RANKED,4,111,Hype Boy,genie_daily_page_1|genie_daily_page_2|genie_daily_page_3|genie_daily_page_4,music_chart_artist_candidates_v2_raw_latest.json,music_chart_discover_artist_candidates_v2
2026-09-09,2026-09-09T10:50:37,뉴진스,melon,RANKED,1,87,Hype Boy,melon_top100,music_chart_artist_candidates_v2_raw_latest.json,music_chart_discover_artist_candidates_v2
2026-09-09,2026-09-09T10:50:45,르세라핌,bugs,RANKED,1,96,BOOMPALA,bugs_realtime,music_chart_bugs_all_targets_v1_latest.json,music_chart_discover_bugs_all_targets_v1
2026-09-09,2026-09-09T10:50:37,르세라핌,genie,RANKED,3,143,SPAGHETTI (Feat. j-hope of BTS),genie_daily_page_1|genie_daily_page_2|genie_daily_page_3|genie_daily_page_4,music_chart_artist_candidates_v2_raw_latest.json,music_chart_discover_artist_candidates_v2
2026-09-09,2026-09-09T10:50:37,르세라핌,melon,NOT_RANKED,0,,,melon_top100,music_chart_artist_candidates_v2_raw_latest.json,music_chart_discover_artist_candidates_v2
2026-09-09,2026-09-09T10:50:45,보이넥스트도어,bugs,NOT_RANKED,0,,,bugs_realtime,music_chart_bugs_all_targets_v1_latest.json,music_chart_discover_bugs_all_targets_v1
2026-09-09,2026-09-09T10:50:37,보이넥스트도어,genie,RANKED,1,146,오늘만 I LOVE YOU,genie_daily_page_1|genie_daily_page_2|genie_daily_page_3|genie_daily_page_4,music_chart_artist_candidates_v2_raw_latest.json,music_chart_discover_artist_candidates_v2
2026-09-09,2026-09-09T10:50:37,보이넥스트도어,melon,RANKED,1,97,오늘만 I LOVE YOU,melon_top100,music_chart_artist_candidates_v2_raw_latest.json,music_chart_discover_artist_candidates_v2
2026-09-09,2026-09-09T10:50:45,세븐틴,bugs,NOT_RANKED,0,,,bugs_realtime,music_chart_bugs_all_targets_v1_latest.json,music_chart_discover_bugs_all_targets_v1
2026-09-09,2026-09-09T10:50:37,세븐틴,genie,NOT_RANKED,0,,,genie_daily_page_1|genie_daily_page_2|genie_daily_page_3|genie_daily_page_4,music_chart_artist_candidates_v2_raw_latest.json,music_chart_discover_artist_candidates_v2
2026-09-09,2026-09-09T10:50:37,세븐틴,melon,NOT_RANKED,0,,,melon_top100,music_chart_artist_candidates_v2_raw_latest.json,music_chart_discover_artist_candidates_v2
2026-09-09,2026-09-09T10:50:45,스트레이키즈,bugs,NOT_RANKED,0,,,bugs_realtime,music_chart_bugs_all_targets_v1_latest.json,music_chart_discover_bugs_all_targets_v1
2026-09-09,2026-09-09T10:50:37,스트레이키즈,genie,NOT_RANKED,0,,,genie_daily_page_1|genie_daily_page_2|genie_daily_page_3|genie_daily_page_4,music_chart_artist_candidates_v2_raw_latest.json,music_chart_discover_artist_candidates_v2
2026-09-09,2026-09-09T10:50:37,스트레이키즈,melon,NOT_RANKED,0,,,melon_top100,music_chart_artist_candidates_v2_raw_latest.json,music_chart_discover_artist_candidates_v2
2026-09-09,2026-09-09T10:50:45,아이브,bugs,RANKED,4,36,BANG BANG,bugs_realtime,music_chart_bugs_all_targets_v1_latest.json,music_chart_discover_bugs_all_targets_v1
2026-09-09,2026-09-09T10:50:37,아이브,genie,RANKED,8,21,BANG BANG,genie_daily_page_1|genie_daily_page_2|genie_daily_page_3|genie_daily_page_4,music_chart_artist_candidates_v2_raw_latest.json,music_chart_discover_artist_candidates_v2
2026-09-09,2026-09-09T10:50:37,아이브,melon,RANKED,2,45,BANG BANG,melon_top100,music_chart_artist_candidates_v2_raw_latest.json,music_chart_discover_artist_candidates_v2
2026-09-09,2026-09-09T10:50:45,아이유,bugs,NOT_RANKED,0,,,bugs_realtime,music_chart_bugs_all_targets_v1_latest.json,music_chart_discover_bugs_all_targets_v1
2026-09-09,2026-09-09T10:50:37,아이유,genie,RANKED,2,105,Love wins all,genie_daily_page_1|genie_daily_page_2|genie_daily_page_3|genie_daily_page_4,music_chart_artist_candidates_v2_raw_latest.json,music_chart_discover_artist_candidates_v2
2026-09-09,2026-09-09T10:50:37,아이유,melon,RANKED,1,94,Love wins all,melon_top100,music_chart_artist_candidates_v2_raw_latest.json,music_chart_discover_artist_candidates_v2
2026-09-09,2026-09-09T10:50:45,에스파,bugs,RANKED,4,12,LEMONADE,bugs_realtime,music_chart_bugs_all_targets_v1_latest.json,music_chart_discover_bugs_all_targets_v1
2026-09-09,2026-09-09T10:50:37,에스파,genie,RANKED,7,5,LEMONADE,genie_daily_page_1|genie_daily_page_2|genie_daily_page_3|genie_daily_page_4,music_chart_artist_candidates_v2_raw_latest.json,music_chart_discover_artist_candidates_v2
2026-09-09,2026-09-09T10:50:37,에스파,melon,RANKED,2,8,LEMONADE,melon_top100,music_chart_artist_candidates_v2_raw_latest.json,music_chart_discover_artist_candidates_v2
2026-09-09,2026-09-09T10:50:45,에이티즈,bugs,RANKED,1,4,BAD,bugs_realtime,music_chart_bugs_all_targets_v1_latest.json,music_chart_discover_bugs_all_targets_v1
2026-09-09,2026-09-09T10:50:37,에이티즈,genie,RANKED,1,7,BAD,genie_daily_page_1|genie_daily_page_2|genie_daily_page_3|genie_daily_page_4,music_chart_artist_candidates_v2_raw_latest.json,music_chart_discover_artist_candidates_v2
2026-09-09,2026-09-09T10:50:37,에이티즈,melon,RANKED,1,7,BAD,melon_top100,music_chart_artist_candidates_v2_raw_latest.json,music_chart_discover_artist_candidates_v2
2026-09-09,2026-09-09T10:50:45,투모로우바이투게더,bugs,NOT_RANKED,0,,,bugs_realtime,music_chart_bugs_all_targets_v1_latest.json,music_chart_discover_bugs_all_targets_v1
2026-09-09,2026-09-09T10:50:37,투모로우바이투게더,genie,NOT_RANKED,0,,,genie_daily_page_1|genie_daily_page_2|genie_daily_page_3|genie_daily_page_4,music_chart_artist_candidates_v2_raw_latest.json,music_chart_discover_artist_candidates_v2
2026-09-09,2026-09-09T10:50:37,투모로우바이투게더,melon,NOT_RANKED,0,,,melon_top100,music_chart_artist_candidates_v2_raw_latest.json,music_chart_discover_artist_candidates_v2
2026-09-10,2026-09-10T10:47:02,뉴진스,bugs,RANKED,2,74,Ditto,bugs_realtime,music_chart_bugs_all_targets_v1_latest.json,music_chart_discover_bugs_all_targets_v1
2026-09-10,2026-09-10T10:46:51,뉴진스,genie,RANKED,4,112,Hype Boy,genie_daily_page_1|genie_daily_page_2|genie_daily_page_3|genie_daily_page_4,music_chart_artist_candidates_v2_raw_latest.json,music_chart_discover_artist_candidates_v2
2026-09-10,2026-09-10T10:46:51,뉴진스,melon,RANKED,1,89,Hype Boy,melon_top100,music_chart_artist_candidates_v2_raw_latest.json,music_chart_discover_artist_candidates_v2
2026-09-10,2026-09-10T10:47:02,르세라핌,bugs,RANKED,1,90,HOT,bugs_realtime,music_chart_bugs_all_targets_v1_latest.json,music_chart_discover_bugs_all_targets_v1
2026-09-10,2026-09-10T10:46:51,르세라핌,genie,RANKED,2,148,SPAGHETTI (Feat. j-hope of BTS),genie_daily_page_1|genie_daily_page_2|genie_daily_page_3|genie_daily_page_4,music_chart_artist_candidates_v2_raw_latest.json,music_chart_discover_artist_candidates_v2
2026-09-10,2026-09-10T10:46:51,르세라핌,melon,NOT_RANKED,0,,,melon_top100,music_chart_artist_candidates_v2_raw_latest.json,music_chart_discover_artist_candidates_v2
2026-09-10,2026-09-10T10:47:02,보이넥스트도어,bugs,NOT_RANKED,0,,,bugs_realtime,music_chart_bugs_all_targets_v1_latest.json,music_chart_discover_bugs_all_targets_v1
2026-09-10,2026-09-10T10:46:51,보이넥스트도어,genie,RANKED,1,153,오늘만 I LOVE YOU,genie_daily_page_1|genie_daily_page_2|genie_daily_page_3|genie_daily_page_4,music_chart_artist_candidates_v2_raw_latest.json,music_chart_discover_artist_candidates_v2
2026-09-10,2026-09-10T10:46:51,보이넥스트도어,melon,RANKED,1,96,오늘만 I LOVE YOU,melon_top100,music_chart_artist_candidates_v2_raw_latest.json,music_chart_discover_artist_candidates_v2
2026-09-10,2026-09-10T10:47:02,세븐틴,bugs,NOT_RANKED,0,,,bugs_realtime,music_chart_bugs_all_targets_v1_latest.json,music_chart_discover_bugs_all_targets_v1
2026-09-10,2026-09-10T10:46:51,세븐틴,genie,NOT_RANKED,0,,,genie_daily_page_1|genie_daily_page_2|genie_daily_page_3|genie_daily_page_4,music_chart_artist_candidates_v2_raw_latest.json,music_chart_discover_artist_candidates_v2
2026-09-10,2026-09-10T10:46:51,세븐틴,melon,NOT_RANKED,0,,,melon_top100,music_chart_artist_candidates_v2_raw_latest.json,music_chart_discover_artist_candidates_v2
2026-09-10,2026-09-10T10:47:02,스트레이키즈,bugs,NOT_RANKED,0,,,bugs_realtime,music_chart_bugs_all_targets_v1_latest.json,music_chart_discover_bugs_all_targets_v1
2026-09-10,2026-09-10T10:46:51,스트레이키즈,genie,NOT_RANKED,0,,,genie_daily_page_1|genie_daily_page_2|genie_daily_page_3|genie_daily_page_4,music_chart_artist_candidates_v2_raw_latest.json,music_chart_discover_artist_candidates_v2
2026-09-10,2026-09-10T10:46:51,스트레이키즈,melon,NOT_RANKED,0,,,melon_top100,music_chart_artist_candidates_v2_raw_latest.json,music_chart_discover_artist_candidates_v2
2026-09-10,2026-09-10T10:47:02,아이브,bugs,RANKED,4,37,BANG BANG,bugs_realtime,music_chart_bugs_all_targets_v1_latest.json,music_chart_discover_bugs_all_targets_v1
2026-09-10,2026-09-10T10:46:51,아이브,genie,RANKED,8,21,BANG BANG,genie_daily_page_1|genie_daily_page_2|genie_daily_page_3|genie_daily_page_4,music_chart_artist_candidates_v2_raw_latest.json,music_chart_discover_artist_candidates_v2
2026-09-10,2026-09-10T10:46:51,아이브,melon,RANKED,2,45,BANG BANG,melon_top100,music_chart_artist_candidates_v2_raw_latest.json,music_chart_discover_artist_candidates_v2
2026-09-10,2026-09-10T10:47:02,아이유,bugs,NOT_RANKED,0,,,bugs_realtime,music_chart_bugs_all_targets_v1_latest.json,music_chart_discover_bugs_all_targets_v1
2026-09-10,2026-09-10T10:46:51,아이유,genie,RANKED,2,105,Love wins all,genie_daily_page_1|genie_daily_page_2|genie_daily_page_3|genie_daily_page_4,music_chart_artist_candidates_v2_raw_latest.json,music_chart_discover_artist_candidates_v2
2026-09-10,2026-09-10T10:46:51,아이유,melon,RANKED,1,90,Love wins all,melon_top100,music_chart_artist_candidates_v2_raw_latest.json,music_chart_discover_artist_candidates_v2
2026-09-10,2026-09-10T10:47:02,에스파,bugs,RANKED,4,10,LEMONADE,bugs_realtime,music_chart_bugs_all_targets_v1_latest.json,music_chart_discover_bugs_all_targets_v1
2026-09-10,2026-09-10T10:46:51,에스파,genie,RANKED,6,5,LEMONADE,genie_daily_page_1|genie_daily_page_2|genie_daily_page_3|genie_daily_page_4,music_chart_artist_candidates_v2_raw_latest.json,music_chart_discover_artist_candidates_v2
2026-09-10,2026-09-10T10:46:51,에스파,melon,RANKED,2,9,LEMONADE,melon_top100,music_chart_artist_candidates_v2_raw_latest.json,music_chart_discover_artist_candidates_v2
2026-09-10,2026-09-10T10:47:02,에이티즈,bugs,RANKED,1,4,BAD,bugs_realtime,music_chart_bugs_all_targets_v1_latest.json,music_chart_discover_bugs_all_targets_v1
2026-09-10,2026-09-10T10:46:51,에이티즈,genie,RANKED,1,6,BAD,genie_daily_page_1|genie_daily_page_2|genie_daily_page_3|genie_daily_page_4,music_chart_artist_candidates_v2_raw_latest.json,music_chart_discover_artist_candidates_v2
2026-09-10,2026-09-10T10:46:51,에이티즈,melon,RANKED,1,7,BAD,melon_top100,music_chart_artist_candidates_v2_raw_latest.json,music_chart_discover_artist_candidates_v2
2026-09-10,2026-09-10T10:47:02,투모로우바이투게더,bugs,NOT_RANKED,0,,,bugs_realtime,music_chart_bugs_all_targets_v1_latest.json,music_chart_discover_bugs_all_targets_v1
2026-09-10,2026-09-10T10:46:51,투모로우바이투게더,genie,NOT_RANKED,0,,,genie_daily_page_1|genie_daily_page_2|genie_daily_page_3|genie_daily_page_4,music_chart_artist_candidates_v2_raw_latest.json,music_chart_discover_artist_candidates_v2
2026-09-10,2026-09-10T10:46:51,투모로우바이투게더,melon,NOT_RANKED,0,,,melon_top100,music_chart_artist_candidates_v2_raw_latest.json,music_chart_discover_artist_candidates_v2
