rank,artist,previousDate,latestDate,daysBetween,listenerDeltaPerDay,playcountDeltaPerDay,listenerLogNormalized,playcountLogNormalized,lastfmGlobalInterestPreviewPoint,status
1,르세라핌,2026-10-02,2026-10-03,1,611.0,94339.0,100.0,88.5234,94.26,preview_ready
2,에스파,2026-10-02,2026-10-03,1,449.0,122154.0,77.5046,100.0,88.75,preview_ready
3,뉴진스,2026-10-02,2026-10-03,1,510.0,68225.0,86.8048,74.1288,80.47,preview_ready
4,스트레이키즈,2026-10-02,2026-10-03,1,298.0,104292.0,47.5967,92.9783,70.29,preview_ready
5,투모로우바이투게더,2026-10-02,2026-10-03,1,265.0,104130.0,39.0409,92.9093,65.98,preview_ready
6,에이티즈,2026-10-02,2026-10-03,1,304.0,59358.0,49.0502,67.945,58.5,preview_ready
7,아이브,2026-10-02,2026-10-03,1,266.0,37008.0,39.3154,46.9606,43.14,preview_ready
8,보이넥스트도어,2026-10-02,2026-10-03,1,200.0,53748.0,18.5422,63.5354,41.04,preview_ready
9,세븐틴,2026-10-02,2026-10-03,1,155.0,29187.0,0.0,36.4159,18.21,preview_ready
10,아이유,2026-10-02,2026-10-03,1,198.0,12856.0,17.8106,0.0,8.91,preview_ready
