artist,previousDate,latestDate,daysBetween,listenerDelta,playcountDelta,listenerDeltaPerDay,playcountDeltaPerDay,status
아이유,2026-09-29,2026-09-30,1,250,12842,250.0,12842.0,delta_ready
에스파,2026-09-29,2026-09-30,1,430,129005,430.0,129005.0,delta_ready
에이티즈,2026-09-29,2026-09-30,1,266,62002,266.0,62002.0,delta_ready
보이넥스트도어,2026-09-29,2026-09-30,1,184,82970,184.0,82970.0,delta_ready
아이브,2026-09-29,2026-09-30,1,238,38529,238.0,38529.0,delta_ready
르세라핌,2026-09-29,2026-09-30,1,562,97358,562.0,97358.0,delta_ready
뉴진스,2026-09-29,2026-09-30,1,541,71670,541.0,71670.0,delta_ready
세븐틴,2026-09-29,2026-09-30,1,176,32332,176.0,32332.0,delta_ready
스트레이키즈,2026-09-29,2026-09-30,1,282,109781,282.0,109781.0,delta_ready
투모로우바이투게더,2026-09-29,2026-09-30,1,257,107781,257.0,107781.0,delta_ready
