snapshotDate,canonicalArtistId,artist,query,lastfmName,listeners,playcount,collectedAt,status
2026-08-10,newjeans,뉴진스,NewJeans,NewJeans,1906281,347350616,2026-08-10T00:00:00+09:00,ok
2026-08-10,lesserafim,르세라핌,LE SSERAFIM,LE SSERAFIM,1810187,332122209,2026-08-10T00:00:00+09:00,ok
2026-08-10,boynextdoor,보이넥스트도어,BOYNEXTDOOR,BOYNEXTDOOR,395400,54725517,2026-08-10T00:00:00+09:00,ok
2026-08-10,seventeen,세븐틴,SEVENTEEN,Seventeen,986753,297122825,2026-08-10T00:00:00+09:00,ok
2026-08-10,straykids,스트레이키즈,Stray Kids,Stray Kids,1414838,511510445,2026-08-10T00:00:00+09:00,ok
2026-08-10,ive,아이브,IVE,IVE,1101259,169934566,2026-08-10T00:00:00+09:00,ok
2026-08-10,iu,아이유,IU,IU,1115403,93541369,2026-08-10T00:00:00+09:00,ok
2026-08-10,aespa,에스파,aespa,aespa,1428740,296061927,2026-08-10T00:00:00+09:00,ok
2026-08-10,ateez,에이티즈,ATEEZ,ATEEZ,856297,230901612,2026-08-10T00:00:00+09:00,ok
2026-08-10,txt,투모로우바이투게더,TOMORROW X TOGETHER,TOMORROW X TOGETHER,1284868,459057937,2026-08-10T00:00:00+09:00,ok
2026-08-11,newjeans,뉴진스,NewJeans,NewJeans,1908462,347598909,2026-08-11T00:00:00+09:00,ok
2026-08-11,lesserafim,르세라핌,LE SSERAFIM,LE SSERAFIM,1812597,332441172,2026-08-11T00:00:00+09:00,ok
2026-08-11,boynextdoor,보이넥스트도어,BOYNEXTDOOR,BOYNEXTDOOR,396075,54854306,2026-08-11T00:00:00+09:00,ok
2026-08-11,seventeen,세븐틴,SEVENTEEN,Seventeen,987604,297219290,2026-08-11T00:00:00+09:00,ok
2026-08-11,straykids,스트레이키즈,Stray Kids,Stray Kids,1416535,512416368,2026-08-11T00:00:00+09:00,ok
2026-08-11,ive,아이브,IVE,IVE,1102305,170074945,2026-08-11T00:00:00+09:00,ok
2026-08-11,iu,아이유,IU,IU,1116391,93575570,2026-08-11T00:00:00+09:00,ok
2026-08-11,aespa,에스파,aespa,aespa,1431007,296584281,2026-08-11T00:00:00+09:00,ok
2026-08-11,ateez,에이티즈,ATEEZ,ATEEZ,857527,231155831,2026-08-11T00:00:00+09:00,ok
2026-08-11,txt,투모로우바이투게더,TOMORROW X TOGETHER,TOMORROW X TOGETHER,1286032,459404583,2026-08-11T00:00:00+09:00,ok
2026-08-12,newjeans,뉴진스,NewJeans,NewJeans,1909553,347719242,2026-08-12T11:47:36+09:00,ok
2026-08-12,lesserafim,르세라핌,LE SSERAFIM,LE SSERAFIM,1813797,332590844,2026-08-12T11:47:36+09:00,ok
2026-08-12,boynextdoor,보이넥스트도어,BOYNEXTDOOR,BOYNEXTDOOR,396268,54886338,2026-08-12T11:47:36+09:00,ok
2026-08-12,seventeen,세븐틴,SEVENTEEN,Seventeen,987799,297244090,2026-08-12T11:47:36+09:00,ok
2026-08-12,straykids,스트레이키즈,Stray Kids,Stray Kids,1417407,512950230,2026-08-12T11:47:36+09:00,ok
2026-08-12,ive,아이브,IVE,IVE,1102836,170140677,2026-08-12T11:47:36+09:00,ok
2026-08-12,iu,아이유,IU,IU,1116606,93582537,2026-08-12T11:47:36+09:00,ok
2026-08-12,aespa,에스파,aespa,aespa,1432045,296907885,2026-08-12T11:47:36+09:00,ok
2026-08-12,ateez,에이티즈,ATEEZ,ATEEZ,857836,231221145,2026-08-12T11:47:36+09:00,ok
2026-08-12,txt,투모로우바이투게더,TOMORROW X TOGETHER,TOMORROW X TOGETHER,1286613,459564124,2026-08-12T11:47:36+09:00,ok
2026-08-13,newjeans,뉴진스,NewJeans,NewJeans,1910127,347783661,2026-08-13T12:01:30+09:00,ok
2026-08-13,lesserafim,르세라핌,LE SSERAFIM,LE SSERAFIM,1814373,332672106,2026-08-13T12:01:30+09:00,ok
2026-08-13,boynextdoor,보이넥스트도어,BOYNEXTDOOR,BOYNEXTDOOR,396437,54920708,2026-08-13T12:01:30+09:00,ok
2026-08-13,seventeen,세븐틴,SEVENTEEN,Seventeen,987999,297269634,2026-08-13T12:01:30+09:00,ok
2026-08-13,straykids,스트레이키즈,Stray Kids,Stray Kids,1417846,513196833,2026-08-13T12:01:30+09:00,ok
2026-08-13,ive,아이브,IVE,IVE,1103103,170174453,2026-08-13T12:01:30+09:00,ok
2026-08-13,iu,아이유,IU,IU,1116815,93589870,2026-08-13T12:01:30+09:00,ok
2026-08-13,aespa,에스파,aespa,aespa,1432529,297063997,2026-08-13T12:01:30+09:00,ok
2026-08-13,ateez,에이티즈,ATEEZ,ATEEZ,858139,231285346,2026-08-13T12:01:30+09:00,ok
2026-08-13,txt,투모로우바이투게더,TOMORROW X TOGETHER,TOMORROW X TOGETHER,1286884,459646986,2026-08-13T12:01:30+09:00,ok
2026-08-14,newjeans,뉴진스,NewJeans,NewJeans,1910651,347843887,2026-08-14T11:48:53+09:00,ok
2026-08-14,lesserafim,르세라핌,LE SSERAFIM,LE SSERAFIM,1814988,332751764,2026-08-14T11:48:53+09:00,ok
2026-08-14,boynextdoor,보이넥스트도어,BOYNEXTDOOR,BOYNEXTDOOR,396594,54952981,2026-08-14T11:48:53+09:00,ok
2026-08-14,seventeen,세븐틴,SEVENTEEN,Seventeen,988197,297295732,2026-08-14T11:48:53+09:00,ok
2026-08-14,straykids,스트레이키즈,Stray Kids,Stray Kids,1418262,513427390,2026-08-14T11:48:53+09:00,ok
2026-08-14,ive,아이브,IVE,IVE,1103354,170208816,2026-08-14T11:48:53+09:00,ok
2026-08-14,iu,아이유,IU,IU,1117024,93597848,2026-08-14T11:48:53+09:00,ok
2026-08-14,aespa,에스파,aespa,aespa,1433029,297207324,2026-08-14T11:48:53+09:00,ok
2026-08-14,ateez,에이티즈,ATEEZ,ATEEZ,858435,231345897,2026-08-14T11:48:53+09:00,ok
2026-08-14,txt,투모로우바이투게더,TOMORROW X TOGETHER,TOMORROW X TOGETHER,1287130,459730334,2026-08-14T11:48:53+09:00,ok
2026-08-15,newjeans,뉴진스,NewJeans,NewJeans,1911177,347902516,2026-08-15T10:52:06+09:00,ok
2026-08-15,lesserafim,르세라핌,LE SSERAFIM,LE SSERAFIM,1815616,332832568,2026-08-15T10:52:06+09:00,ok
2026-08-15,boynextdoor,보이넥스트도어,BOYNEXTDOOR,BOYNEXTDOOR,396769,54985254,2026-08-15T10:52:06+09:00,ok
2026-08-15,seventeen,세븐틴,SEVENTEEN,Seventeen,988409,297322147,2026-08-15T10:52:06+09:00,ok
2026-08-15,straykids,스트레이키즈,Stray Kids,Stray Kids,1418733,513644979,2026-08-15T10:52:06+09:00,ok
2026-08-15,ive,아이브,IVE,IVE,1103609,170241773,2026-08-15T10:52:06+09:00,ok
2026-08-15,iu,아이유,IU,IU,1117199,93605389,2026-08-15T10:52:06+09:00,ok
2026-08-15,aespa,에스파,aespa,aespa,1433526,297354076,2026-08-15T10:52:06+09:00,ok
2026-08-15,ateez,에이티즈,ATEEZ,ATEEZ,858762,231411217,2026-08-15T10:52:06+09:00,ok
2026-08-15,txt,투모로우바이투게더,TOMORROW X TOGETHER,TOMORROW X TOGETHER,1287407,459813444,2026-08-15T10:52:06+09:00,ok
2026-08-16,newjeans,뉴진스,NewJeans,NewJeans,1911754,347964014,2026-08-16T10:58:54+09:00,ok
2026-08-16,lesserafim,르세라핌,LE SSERAFIM,LE SSERAFIM,1816371,332914568,2026-08-16T10:58:54+09:00,ok
2026-08-16,boynextdoor,보이넥스트도어,BOYNEXTDOOR,BOYNEXTDOOR,396959,55015534,2026-08-16T10:58:54+09:00,ok
2026-08-16,seventeen,세븐틴,SEVENTEEN,Seventeen,988587,297349511,2026-08-16T10:58:54+09:00,ok
2026-08-16,straykids,스트레이키즈,Stray Kids,Stray Kids,1419191,513843129,2026-08-16T10:58:54+09:00,ok
2026-08-16,ive,아이브,IVE,IVE,1103869,170275248,2026-08-16T10:58:54+09:00,ok
2026-08-16,iu,아이유,IU,IU,1117402,93612519,2026-08-16T10:58:54+09:00,ok
2026-08-16,aespa,에스파,aespa,aespa,1434141,297492927,2026-08-16T10:58:54+09:00,ok
2026-08-16,ateez,에이티즈,ATEEZ,ATEEZ,859106,231476099,2026-08-16T10:58:54+09:00,ok
2026-08-16,txt,투모로우바이투게더,TOMORROW X TOGETHER,TOMORROW X TOGETHER,1287655,459893215,2026-08-16T10:58:54+09:00,ok
2026-08-17,newjeans,뉴진스,NewJeans,NewJeans,1912312,348022635,2026-08-17T10:56:49+09:00,ok
2026-08-17,lesserafim,르세라핌,LE SSERAFIM,LE SSERAFIM,1817097,332992474,2026-08-17T10:56:49+09:00,ok
2026-08-17,boynextdoor,보이넥스트도어,BOYNEXTDOOR,BOYNEXTDOOR,397104,55047064,2026-08-17T10:56:49+09:00,ok
2026-08-17,seventeen,세븐틴,SEVENTEEN,Seventeen,988788,297377710,2026-08-17T10:56:49+09:00,ok
2026-08-17,straykids,스트레이키즈,Stray Kids,Stray Kids,1419620,514028071,2026-08-17T10:56:49+09:00,ok
2026-08-17,ive,아이브,IVE,IVE,1104156,170307624,2026-08-17T10:56:49+09:00,ok
2026-08-17,iu,아이유,IU,IU,1117609,93619318,2026-08-17T10:56:49+09:00,ok
2026-08-17,aespa,에스파,aespa,aespa,1434673,297620566,2026-08-17T10:56:49+09:00,ok
2026-08-17,ateez,에이티즈,ATEEZ,ATEEZ,859487,231535065,2026-08-17T10:56:49+09:00,ok
2026-08-17,txt,투모로우바이투게더,TOMORROW X TOGETHER,TOMORROW X TOGETHER,1287951,459970781,2026-08-17T10:56:49+09:00,ok
2026-08-18,newjeans,뉴진스,NewJeans,NewJeans,1912859,348083618,2026-08-18T10:52:59+09:00,ok
2026-08-18,lesserafim,르세라핌,LE SSERAFIM,LE SSERAFIM,1817752,333071260,2026-08-18T10:52:59+09:00,ok
2026-08-18,boynextdoor,보이넥스트도어,BOYNEXTDOOR,BOYNEXTDOOR,397262,55077074,2026-08-18T10:52:59+09:00,ok
2026-08-18,seventeen,세븐틴,SEVENTEEN,Seventeen,988980,297403378,2026-08-18T10:52:59+09:00,ok
2026-08-18,straykids,스트레이키즈,Stray Kids,Stray Kids,1420028,514199018,2026-08-18T10:52:59+09:00,ok
2026-08-18,ive,아이브,IVE,IVE,1104423,170339420,2026-08-18T10:52:59+09:00,ok
2026-08-18,iu,아이유,IU,IU,1117801,93626779,2026-08-18T10:52:59+09:00,ok
2026-08-18,aespa,에스파,aespa,aespa,1435221,297742627,2026-08-18T10:52:59+09:00,ok
2026-08-18,ateez,에이티즈,ATEEZ,ATEEZ,859830,231594491,2026-08-18T10:52:59+09:00,ok
2026-08-18,txt,투모로우바이투게더,TOMORROW X TOGETHER,TOMORROW X TOGETHER,1288262,460080233,2026-08-18T10:52:59+09:00,ok
2026-08-19,newjeans,뉴진스,NewJeans,NewJeans,1913402,348147783,2026-08-19T10:55:02+09:00,ok
2026-08-19,lesserafim,르세라핌,LE SSERAFIM,LE SSERAFIM,1818403,333152865,2026-08-19T10:55:02+09:00,ok
2026-08-19,boynextdoor,보이넥스트도어,BOYNEXTDOOR,BOYNEXTDOOR,397470,55121146,2026-08-19T10:55:02+09:00,ok
2026-08-19,seventeen,세븐틴,SEVENTEEN,Seventeen,989185,297431262,2026-08-19T10:55:02+09:00,ok
2026-08-19,straykids,스트레이키즈,Stray Kids,Stray Kids,1420469,514374334,2026-08-19T10:55:02+09:00,ok
2026-08-19,ive,아이브,IVE,IVE,1104666,170372314,2026-08-19T10:55:02+09:00,ok
2026-08-19,iu,아이유,IU,IU,1118019,93634678,2026-08-19T10:55:02+09:00,ok
2026-08-19,aespa,에스파,aespa,aespa,1435804,297882734,2026-08-19T10:55:02+09:00,ok
2026-08-19,ateez,에이티즈,ATEEZ,ATEEZ,860190,231658498,2026-08-19T10:55:02+09:00,ok
2026-08-19,txt,투모로우바이투게더,TOMORROW X TOGETHER,TOMORROW X TOGETHER,1288596,460246529,2026-08-19T10:55:02+09:00,ok
2026-08-20,newjeans,뉴진스,NewJeans,NewJeans,1913985,348211023,2026-08-20T10:53:44+09:00,ok
2026-08-20,lesserafim,르세라핌,LE SSERAFIM,LE SSERAFIM,1819086,333237787,2026-08-20T10:53:44+09:00,ok
2026-08-20,boynextdoor,보이넥스트도어,BOYNEXTDOOR,BOYNEXTDOOR,397668,55173922,2026-08-20T10:53:44+09:00,ok
2026-08-20,seventeen,세븐틴,SEVENTEEN,Seventeen,989420,297459700,2026-08-20T10:53:44+09:00,ok
2026-08-20,straykids,스트레이키즈,Stray Kids,Stray Kids,1420864,514541585,2026-08-20T10:53:44+09:00,ok
2026-08-20,ive,아이브,IVE,IVE,1104956,170405774,2026-08-20T10:53:44+09:00,ok
2026-08-20,iu,아이유,IU,IU,1118227,93642105,2026-08-20T10:53:44+09:00,ok
2026-08-20,aespa,에스파,aespa,aespa,1436365,298023126,2026-08-20T10:53:44+09:00,ok
2026-08-20,ateez,에이티즈,ATEEZ,ATEEZ,860527,231721186,2026-08-20T10:53:44+09:00,ok
2026-08-20,txt,투모로우바이투게더,TOMORROW X TOGETHER,TOMORROW X TOGETHER,1288911,460399221,2026-08-20T10:53:44+09:00,ok
2026-08-21,newjeans,뉴진스,NewJeans,NewJeans,1914592,348275066,2026-08-21T10:59:42+09:00,ok
2026-08-21,lesserafim,르세라핌,LE SSERAFIM,LE SSERAFIM,1819747,333321947,2026-08-21T10:59:42+09:00,ok
2026-08-21,boynextdoor,보이넥스트도어,BOYNEXTDOOR,BOYNEXTDOOR,397829,55219874,2026-08-21T10:59:42+09:00,ok
2026-08-21,seventeen,세븐틴,SEVENTEEN,Seventeen,989602,297487437,2026-08-21T10:59:42+09:00,ok
2026-08-21,straykids,스트레이키즈,Stray Kids,Stray Kids,1421267,514697831,2026-08-21T10:59:42+09:00,ok
2026-08-21,ive,아이브,IVE,IVE,1105230,170439096,2026-08-21T10:59:42+09:00,ok
2026-08-21,iu,아이유,IU,IU,1118434,93649437,2026-08-21T10:59:42+09:00,ok
2026-08-21,aespa,에스파,aespa,aespa,1436884,298157952,2026-08-21T10:59:42+09:00,ok
2026-08-21,ateez,에이티즈,ATEEZ,ATEEZ,860831,231785586,2026-08-21T10:59:42+09:00,ok
2026-08-21,txt,투모로우바이투게더,TOMORROW X TOGETHER,TOMORROW X TOGETHER,1289226,460548492,2026-08-21T10:59:42+09:00,ok
2026-08-22,newjeans,뉴진스,NewJeans,NewJeans,1915164,348338262,2026-08-22T10:52:34+09:00,ok
2026-08-22,lesserafim,르세라핌,LE SSERAFIM,LE SSERAFIM,1820399,333403623,2026-08-22T10:52:34+09:00,ok
2026-08-22,boynextdoor,보이넥스트도어,BOYNEXTDOOR,BOYNEXTDOOR,397988,55263111,2026-08-22T10:52:34+09:00,ok
2026-08-22,seventeen,세븐틴,SEVENTEEN,Seventeen,989815,297514422,2026-08-22T10:52:34+09:00,ok
2026-08-22,straykids,스트레이키즈,Stray Kids,Stray Kids,1421689,514853134,2026-08-22T10:52:34+09:00,ok
2026-08-22,ive,아이브,IVE,IVE,1105479,170472900,2026-08-22T10:52:34+09:00,ok
2026-08-22,iu,아이유,IU,IU,1118607,93656766,2026-08-22T10:52:34+09:00,ok
2026-08-22,aespa,에스파,aespa,aespa,1437387,298294996,2026-08-22T10:52:34+09:00,ok
2026-08-22,ateez,에이티즈,ATEEZ,ATEEZ,861180,231851341,2026-08-22T10:52:34+09:00,ok
2026-08-22,txt,투모로우바이투게더,TOMORROW X TOGETHER,TOMORROW X TOGETHER,1289545,460688365,2026-08-22T10:52:34+09:00,ok
2026-08-23,newjeans,뉴진스,NewJeans,NewJeans,1915799,348404622,2026-08-23T11:01:31+09:00,ok
2026-08-23,lesserafim,르세라핌,LE SSERAFIM,LE SSERAFIM,1821147,333484529,2026-08-23T11:01:31+09:00,ok
2026-08-23,boynextdoor,보이넥스트도어,BOYNEXTDOOR,BOYNEXTDOOR,398223,55304940,2026-08-23T11:01:31+09:00,ok
2026-08-23,seventeen,세븐틴,SEVENTEEN,Seventeen,990048,297540275,2026-08-23T11:01:31+09:00,ok
2026-08-23,straykids,스트레이키즈,Stray Kids,Stray Kids,1422190,515008404,2026-08-23T11:01:31+09:00,ok
2026-08-23,ive,아이브,IVE,IVE,1105797,170504965,2026-08-23T11:01:31+09:00,ok
2026-08-23,iu,아이유,IU,IU,1118786,93663115,2026-08-23T11:01:31+09:00,ok
2026-08-23,aespa,에스파,aespa,aespa,1437951,298433498,2026-08-23T11:01:31+09:00,ok
2026-08-23,ateez,에이티즈,ATEEZ,ATEEZ,861535,231911102,2026-08-23T11:01:31+09:00,ok
2026-08-23,txt,투모로우바이투게더,TOMORROW X TOGETHER,TOMORROW X TOGETHER,1290041,460823178,2026-08-23T11:01:31+09:00,ok
2026-08-24,newjeans,뉴진스,NewJeans,NewJeans,1916389,348468693,2026-08-24T10:59:23+09:00,ok
2026-08-24,lesserafim,르세라핌,LE SSERAFIM,LE SSERAFIM,1821834,333563341,2026-08-24T10:59:23+09:00,ok
2026-08-24,boynextdoor,보이넥스트도어,BOYNEXTDOOR,BOYNEXTDOOR,398389,55345359,2026-08-24T10:59:23+09:00,ok
2026-08-24,seventeen,세븐틴,SEVENTEEN,Seventeen,990258,297566443,2026-08-24T10:59:23+09:00,ok
2026-08-24,straykids,스트레이키즈,Stray Kids,Stray Kids,1422641,515149316,2026-08-24T10:59:23+09:00,ok
2026-08-24,ive,아이브,IVE,IVE,1106087,170539416,2026-08-24T10:59:23+09:00,ok
2026-08-24,iu,아이유,IU,IU,1118969,93669979,2026-08-24T10:59:23+09:00,ok
2026-08-24,aespa,에스파,aespa,aespa,1438501,298561735,2026-08-24T10:59:23+09:00,ok
2026-08-24,ateez,에이티즈,ATEEZ,ATEEZ,861858,231969549,2026-08-24T10:59:23+09:00,ok
2026-08-24,txt,투모로우바이투게더,TOMORROW X TOGETHER,TOMORROW X TOGETHER,1290416,460944964,2026-08-24T10:59:23+09:00,ok
2026-08-25,newjeans,뉴진스,NewJeans,NewJeans,1916952,348533541,2026-08-25T10:54:39+09:00,ok
2026-08-25,lesserafim,르세라핌,LE SSERAFIM,LE SSERAFIM,1822485,333642011,2026-08-25T10:54:39+09:00,ok
2026-08-25,boynextdoor,보이넥스트도어,BOYNEXTDOOR,BOYNEXTDOOR,398581,55384184,2026-08-25T10:54:39+09:00,ok
2026-08-25,seventeen,세븐틴,SEVENTEEN,Seventeen,990446,297592151,2026-08-25T10:54:39+09:00,ok
2026-08-25,straykids,스트레이키즈,Stray Kids,Stray Kids,1423016,515280803,2026-08-25T10:54:39+09:00,ok
2026-08-25,ive,아이브,IVE,IVE,1106359,170571872,2026-08-25T10:54:39+09:00,ok
2026-08-25,iu,아이유,IU,IU,1119140,93676999,2026-08-25T10:54:39+09:00,ok
2026-08-25,aespa,에스파,aespa,aespa,1439052,298685854,2026-08-25T10:54:39+09:00,ok
2026-08-25,ateez,에이티즈,ATEEZ,ATEEZ,862180,232029347,2026-08-25T10:54:39+09:00,ok
2026-08-25,txt,투모로우바이투게더,TOMORROW X TOGETHER,TOMORROW X TOGETHER,1290843,461066338,2026-08-25T10:54:39+09:00,ok
2026-08-26,newjeans,뉴진스,NewJeans,NewJeans,1917534,348597643,2026-08-26T11:00:44+09:00,ok
2026-08-26,lesserafim,르세라핌,LE SSERAFIM,LE SSERAFIM,1823212,333723098,2026-08-26T11:00:44+09:00,ok
2026-08-26,boynextdoor,보이넥스트도어,BOYNEXTDOOR,BOYNEXTDOOR,398818,55427274,2026-08-26T11:00:44+09:00,ok
2026-08-26,seventeen,세븐틴,SEVENTEEN,Seventeen,990686,297621053,2026-08-26T11:00:44+09:00,ok
2026-08-26,straykids,스트레이키즈,Stray Kids,Stray Kids,1423409,515418008,2026-08-26T11:00:44+09:00,ok
2026-08-26,ive,아이브,IVE,IVE,1106638,170605642,2026-08-26T11:00:44+09:00,ok
2026-08-26,iu,아이유,IU,IU,1119295,93684727,2026-08-26T11:00:44+09:00,ok
2026-08-26,aespa,에스파,aespa,aespa,1439624,298824113,2026-08-26T11:00:44+09:00,ok
2026-08-26,ateez,에이티즈,ATEEZ,ATEEZ,862519,232091660,2026-08-26T11:00:44+09:00,ok
2026-08-26,txt,투모로우바이투게더,TOMORROW X TOGETHER,TOMORROW X TOGETHER,1291229,461189091,2026-08-26T11:00:44+09:00,ok
2026-08-27,newjeans,뉴진스,NewJeans,NewJeans,1918093,348663421,2026-08-27T18:54:39+09:00,ok
2026-08-27,lesserafim,르세라핌,LE SSERAFIM,LE SSERAFIM,1823888,333805467,2026-08-27T18:54:39+09:00,ok
2026-08-27,boynextdoor,보이넥스트도어,BOYNEXTDOOR,BOYNEXTDOOR,399014,55467954,2026-08-27T18:54:39+09:00,ok
2026-08-27,seventeen,세븐틴,SEVENTEEN,Seventeen,990903,297648798,2026-08-27T18:54:39+09:00,ok
2026-08-27,straykids,스트레이키즈,Stray Kids,Stray Kids,1423800,515554267,2026-08-27T18:54:39+09:00,ok
2026-08-27,ive,아이브,IVE,IVE,1106895,170640198,2026-08-27T18:54:39+09:00,ok
2026-08-27,iu,아이유,IU,IU,1119490,93692640,2026-08-27T18:54:39+09:00,ok
2026-08-27,aespa,에스파,aespa,aespa,1440128,298956949,2026-08-27T18:54:39+09:00,ok
2026-08-27,ateez,에이티즈,ATEEZ,ATEEZ,862839,232154602,2026-08-27T18:54:39+09:00,ok
2026-08-27,txt,투모로우바이투게더,TOMORROW X TOGETHER,TOMORROW X TOGETHER,1291563,461307768,2026-08-27T18:54:39+09:00,ok
2026-08-28,newjeans,뉴진스,NewJeans,NewJeans,1918678,348725915,2026-08-28T20:28:39+09:00,ok
2026-08-28,lesserafim,르세라핌,LE SSERAFIM,LE SSERAFIM,1824516,333887483,2026-08-28T20:28:39+09:00,ok
2026-08-28,boynextdoor,보이넥스트도어,BOYNEXTDOOR,BOYNEXTDOOR,399214,55508497,2026-08-28T20:28:39+09:00,ok
2026-08-28,seventeen,세븐틴,SEVENTEEN,Seventeen,991132,297677681,2026-08-28T20:28:39+09:00,ok
2026-08-28,straykids,스트레이키즈,Stray Kids,Stray Kids,1424167,515687061,2026-08-28T20:28:39+09:00,ok
2026-08-28,ive,아이브,IVE,IVE,1107153,170675189,2026-08-28T20:28:39+09:00,ok
2026-08-28,iu,아이유,IU,IU,1119688,93701497,2026-08-28T20:28:39+09:00,ok
2026-08-28,aespa,에스파,aespa,aespa,1440635,299092904,2026-08-28T20:28:39+09:00,ok
2026-08-28,ateez,에이티즈,ATEEZ,ATEEZ,863156,232221102,2026-08-28T20:28:39+09:00,ok
2026-08-28,txt,투모로우바이투게더,TOMORROW X TOGETHER,TOMORROW X TOGETHER,1291880,461427425,2026-08-28T20:28:39+09:00,ok
2026-08-29,newjeans,뉴진스,NewJeans,NewJeans,1919303,348796123,2026-08-29T16:08:27+09:00,ok
2026-08-29,lesserafim,르세라핌,LE SSERAFIM,LE SSERAFIM,1825073,333970119,2026-08-29T16:08:27+09:00,ok
2026-08-29,boynextdoor,보이넥스트도어,BOYNEXTDOOR,BOYNEXTDOOR,399529,55550314,2026-08-29T16:08:27+09:00,ok
2026-08-29,seventeen,세븐틴,SEVENTEEN,Seventeen,991396,297706952,2026-08-29T16:08:27+09:00,ok
2026-08-29,straykids,스트레이키즈,Stray Kids,Stray Kids,1424541,515819349,2026-08-29T16:08:27+09:00,ok
2026-08-29,ive,아이브,IVE,IVE,1107421,170709296,2026-08-29T16:08:27+09:00,ok
2026-08-29,iu,아이유,IU,IU,1119907,93709424,2026-08-29T16:08:27+09:00,ok
2026-08-29,aespa,에스파,aespa,aespa,1441203,299225347,2026-08-29T16:08:27+09:00,ok
2026-08-29,ateez,에이티즈,ATEEZ,ATEEZ,863485,232283827,2026-08-29T16:08:27+09:00,ok
2026-08-29,txt,투모로우바이투게더,TOMORROW X TOGETHER,TOMORROW X TOGETHER,1292180,461555290,2026-08-29T16:08:27+09:00,ok
2026-08-30,newjeans,뉴진스,NewJeans,NewJeans,1919944,348861749,2026-08-30T14:28:48+09:00,ok
2026-08-30,lesserafim,르세라핌,LE SSERAFIM,LE SSERAFIM,1825739,334051863,2026-08-30T14:28:48+09:00,ok
2026-08-30,boynextdoor,보이넥스트도어,BOYNEXTDOOR,BOYNEXTDOOR,399781,55587023,2026-08-30T14:28:48+09:00,ok
2026-08-30,seventeen,세븐틴,SEVENTEEN,Seventeen,991632,297734302,2026-08-30T14:28:48+09:00,ok
2026-08-30,straykids,스트레이키즈,Stray Kids,Stray Kids,1424885,515946966,2026-08-30T14:28:48+09:00,ok
2026-08-30,ive,아이브,IVE,IVE,1107759,170744713,2026-08-30T14:28:48+09:00,ok
2026-08-30,iu,아이유,IU,IU,1120136,93717385,2026-08-30T14:28:48+09:00,ok
2026-08-30,aespa,에스파,aespa,aespa,1441800,299352759,2026-08-30T14:28:48+09:00,ok
2026-08-30,ateez,에이티즈,ATEEZ,ATEEZ,863825,232347043,2026-08-30T14:28:48+09:00,ok
2026-08-30,txt,투모로우바이투게더,TOMORROW X TOGETHER,TOMORROW X TOGETHER,1292542,461673011,2026-08-30T14:28:48+09:00,ok
2026-08-31,newjeans,뉴진스,NewJeans,NewJeans,1920565,348925574,2026-08-31T14:41:58+09:00,ok
2026-08-31,lesserafim,르세라핌,LE SSERAFIM,LE SSERAFIM,1826410,334137704,2026-08-31T14:41:58+09:00,ok
2026-08-31,boynextdoor,보이넥스트도어,BOYNEXTDOOR,BOYNEXTDOOR,400018,55624229,2026-08-31T14:41:58+09:00,ok
2026-08-31,seventeen,세븐틴,SEVENTEEN,Seventeen,991886,297760446,2026-08-31T14:41:58+09:00,ok
2026-08-31,straykids,스트레이키즈,Stray Kids,Stray Kids,1425213,516065108,2026-08-31T14:41:58+09:00,ok
2026-08-31,ive,아이브,IVE,IVE,1108084,170778251,2026-08-31T14:41:58+09:00,ok
2026-08-31,iu,아이유,IU,IU,1120372,93725124,2026-08-31T14:41:58+09:00,ok
2026-08-31,aespa,에스파,aespa,aespa,1442331,299479050,2026-08-31T14:41:58+09:00,ok
2026-08-31,ateez,에이티즈,ATEEZ,ATEEZ,864141,232405507,2026-08-31T14:41:58+09:00,ok
2026-08-31,txt,투모로우바이투게더,TOMORROW X TOGETHER,TOMORROW X TOGETHER,1292870,461785803,2026-08-31T14:41:58+09:00,ok
2026-09-01,newjeans,뉴진스,NewJeans,NewJeans,1921167,348993270,2026-09-01T11:18:47+09:00,ok
2026-09-01,lesserafim,르세라핌,LE SSERAFIM,LE SSERAFIM,1827046,334219189,2026-09-01T11:18:47+09:00,ok
2026-09-01,boynextdoor,보이넥스트도어,BOYNEXTDOOR,BOYNEXTDOOR,400218,55662056,2026-09-01T11:18:47+09:00,ok
2026-09-01,seventeen,세븐틴,SEVENTEEN,Seventeen,992109,297786368,2026-09-01T11:18:47+09:00,ok
2026-09-01,straykids,스트레이키즈,Stray Kids,Stray Kids,1425543,516177029,2026-09-01T11:18:47+09:00,ok
2026-09-01,ive,아이브,IVE,IVE,1108393,170809931,2026-09-01T11:18:47+09:00,ok
2026-09-01,iu,아이유,IU,IU,1120591,93733249,2026-09-01T11:18:47+09:00,ok
2026-09-01,aespa,에스파,aespa,aespa,1442846,299594670,2026-09-01T11:18:47+09:00,ok
2026-09-01,ateez,에이티즈,ATEEZ,ATEEZ,864450,232462099,2026-09-01T11:18:47+09:00,ok
2026-09-01,txt,투모로우바이투게더,TOMORROW X TOGETHER,TOMORROW X TOGETHER,1293204,461901797,2026-09-01T11:18:47+09:00,ok
2026-09-02,newjeans,뉴진스,NewJeans,NewJeans,1921747,349061159,2026-09-02T10:40:39+09:00,ok
2026-09-02,lesserafim,르세라핌,LE SSERAFIM,LE SSERAFIM,1827652,334301895,2026-09-02T10:40:39+09:00,ok
2026-09-02,boynextdoor,보이넥스트도어,BOYNEXTDOOR,BOYNEXTDOOR,400418,55697046,2026-09-02T10:40:39+09:00,ok
2026-09-02,seventeen,세븐틴,SEVENTEEN,Seventeen,992356,297815808,2026-09-02T10:40:39+09:00,ok
2026-09-02,straykids,스트레이키즈,Stray Kids,Stray Kids,1425863,516305142,2026-09-02T10:40:39+09:00,ok
2026-09-02,ive,아이브,IVE,IVE,1108680,170846242,2026-09-02T10:40:39+09:00,ok
2026-09-02,iu,아이유,IU,IU,1120807,93742750,2026-09-02T10:40:39+09:00,ok
2026-09-02,aespa,에스파,aespa,aespa,1443421,299730131,2026-09-02T10:40:39+09:00,ok
2026-09-02,ateez,에이티즈,ATEEZ,ATEEZ,864815,232526479,2026-09-02T10:40:39+09:00,ok
2026-09-02,txt,투모로우바이투게더,TOMORROW X TOGETHER,TOMORROW X TOGETHER,1293517,462027937,2026-09-02T10:40:39+09:00,ok
2026-09-03,newjeans,뉴진스,NewJeans,NewJeans,1922346,349126968,2026-09-03T10:45:47+09:00,ok
2026-09-03,lesserafim,르세라핌,LE SSERAFIM,LE SSERAFIM,1828315,334390151,2026-09-03T10:45:47+09:00,ok
2026-09-03,boynextdoor,보이넥스트도어,BOYNEXTDOOR,BOYNEXTDOOR,400708,55731900,2026-09-03T10:45:47+09:00,ok
2026-09-03,seventeen,세븐틴,SEVENTEEN,Seventeen,992582,297847027,2026-09-03T10:45:47+09:00,ok
2026-09-03,straykids,스트레이키즈,Stray Kids,Stray Kids,1426241,516441578,2026-09-03T10:45:47+09:00,ok
2026-09-03,ive,아이브,IVE,IVE,1108947,170879644,2026-09-03T10:45:47+09:00,ok
2026-09-03,iu,아이유,IU,IU,1121015,93751448,2026-09-03T10:45:47+09:00,ok
2026-09-03,aespa,에스파,aespa,aespa,1443908,299866751,2026-09-03T10:45:47+09:00,ok
2026-09-03,ateez,에이티즈,ATEEZ,ATEEZ,865115,232590973,2026-09-03T10:45:47+09:00,ok
2026-09-03,txt,투모로우바이투게더,TOMORROW X TOGETHER,TOMORROW X TOGETHER,1293827,462145450,2026-09-03T10:45:47+09:00,ok
2026-09-04,newjeans,뉴진스,NewJeans,NewJeans,1922903,349196153,2026-09-04T10:40:00+09:00,ok
2026-09-04,lesserafim,르세라핌,LE SSERAFIM,LE SSERAFIM,1828883,334474635,2026-09-04T10:40:00+09:00,ok
2026-09-04,boynextdoor,보이넥스트도어,BOYNEXTDOOR,BOYNEXTDOOR,400863,55766542,2026-09-04T10:40:00+09:00,ok
2026-09-04,seventeen,세븐틴,SEVENTEEN,Seventeen,992785,297878103,2026-09-04T10:40:00+09:00,ok
2026-09-04,straykids,스트레이키즈,Stray Kids,Stray Kids,1426591,516569095,2026-09-04T10:40:00+09:00,ok
2026-09-04,ive,아이브,IVE,IVE,1109215,170913998,2026-09-04T10:40:00+09:00,ok
2026-09-04,iu,아이유,IU,IU,1121213,93759930,2026-09-04T10:40:00+09:00,ok
2026-09-04,aespa,에스파,aespa,aespa,1444470,300008196,2026-09-04T10:40:00+09:00,ok
2026-09-04,ateez,에이티즈,ATEEZ,ATEEZ,865433,232660308,2026-09-04T10:40:00+09:00,ok
2026-09-04,txt,투모로우바이투게더,TOMORROW X TOGETHER,TOMORROW X TOGETHER,1294117,462260147,2026-09-04T10:40:00+09:00,ok
2026-09-05,newjeans,뉴진스,NewJeans,NewJeans,1923429,349260936,2026-09-05T10:40:49+09:00,ok
2026-09-05,lesserafim,르세라핌,LE SSERAFIM,LE SSERAFIM,1829458,334558641,2026-09-05T10:40:49+09:00,ok
2026-09-05,boynextdoor,보이넥스트도어,BOYNEXTDOOR,BOYNEXTDOOR,400985,55802594,2026-09-05T10:40:49+09:00,ok
2026-09-05,seventeen,세븐틴,SEVENTEEN,Seventeen,993011,297907186,2026-09-05T10:40:49+09:00,ok
2026-09-05,straykids,스트레이키즈,Stray Kids,Stray Kids,1426942,516696202,2026-09-05T10:40:49+09:00,ok
2026-09-05,ive,아이브,IVE,IVE,1109507,170946103,2026-09-05T10:40:49+09:00,ok
2026-09-05,iu,아이유,IU,IU,1121379,93768371,2026-09-05T10:40:49+09:00,ok
2026-09-05,aespa,에스파,aespa,aespa,1445011,300163822,2026-09-05T10:40:49+09:00,ok
2026-09-05,ateez,에이티즈,ATEEZ,ATEEZ,865772,232730001,2026-09-05T10:40:49+09:00,ok
2026-09-05,txt,투모로우바이투게더,TOMORROW X TOGETHER,TOMORROW X TOGETHER,1294396,462372447,2026-09-05T10:40:49+09:00,ok
2026-09-06,newjeans,뉴진스,NewJeans,NewJeans,1923961,349329464,2026-09-06T10:34:51+09:00,ok
2026-09-06,lesserafim,르세라핌,LE SSERAFIM,LE SSERAFIM,1830087,334643717,2026-09-06T10:34:51+09:00,ok
2026-09-06,boynextdoor,보이넥스트도어,BOYNEXTDOOR,BOYNEXTDOOR,401125,55836180,2026-09-06T10:34:51+09:00,ok
2026-09-06,seventeen,세븐틴,SEVENTEEN,Seventeen,993237,297934807,2026-09-06T10:34:51+09:00,ok
2026-09-06,straykids,스트레이키즈,Stray Kids,Stray Kids,1427316,516823842,2026-09-06T10:34:51+09:00,ok
2026-09-06,ive,아이브,IVE,IVE,1109805,170980024,2026-09-06T10:34:51+09:00,ok
2026-09-06,iu,아이유,IU,IU,1121548,93778125,2026-09-06T10:34:51+09:00,ok
2026-09-06,aespa,에스파,aespa,aespa,1445582,300314839,2026-09-06T10:34:51+09:00,ok
2026-09-06,ateez,에이티즈,ATEEZ,ATEEZ,866066,232796288,2026-09-06T10:34:51+09:00,ok
2026-09-06,txt,투모로우바이투게더,TOMORROW X TOGETHER,TOMORROW X TOGETHER,1294702,462483460,2026-09-06T10:34:51+09:00,ok
2026-09-07,newjeans,뉴진스,NewJeans,NewJeans,1924525,349390576,2026-09-07T10:33:17+09:00,ok
2026-09-07,lesserafim,르세라핌,LE SSERAFIM,LE SSERAFIM,1830732,334721958,2026-09-07T10:33:17+09:00,ok
2026-09-07,boynextdoor,보이넥스트도어,BOYNEXTDOOR,BOYNEXTDOOR,401265,55868771,2026-09-07T10:33:17+09:00,ok
2026-09-07,seventeen,세븐틴,SEVENTEEN,Seventeen,993487,297961490,2026-09-07T10:33:17+09:00,ok
2026-09-07,straykids,스트레이키즈,Stray Kids,Stray Kids,1427651,516944271,2026-09-07T10:33:17+09:00,ok
2026-09-07,ive,아이브,IVE,IVE,1110125,171012468,2026-09-07T10:33:17+09:00,ok
2026-09-07,iu,아이유,IU,IU,1121750,93786262,2026-09-07T10:33:17+09:00,ok
2026-09-07,aespa,에스파,aespa,aespa,1446239,300447481,2026-09-07T10:33:17+09:00,ok
2026-09-07,ateez,에이티즈,ATEEZ,ATEEZ,866415,232858501,2026-09-07T10:33:17+09:00,ok
2026-09-07,txt,투모로우바이투게더,TOMORROW X TOGETHER,TOMORROW X TOGETHER,1294984,462582596,2026-09-07T10:33:17+09:00,ok
2026-09-08,newjeans,뉴진스,NewJeans,NewJeans,1925063,349453061,2026-09-08T10:43:12+09:00,ok
2026-09-08,lesserafim,르세라핌,LE SSERAFIM,LE SSERAFIM,1831321,334801326,2026-09-08T10:43:12+09:00,ok
2026-09-08,boynextdoor,보이넥스트도어,BOYNEXTDOOR,BOYNEXTDOOR,401392,55900101,2026-09-08T10:43:12+09:00,ok
2026-09-08,seventeen,세븐틴,SEVENTEEN,Seventeen,993702,297988170,2026-09-08T10:43:12+09:00,ok
2026-09-08,straykids,스트레이키즈,Stray Kids,Stray Kids,1427983,517057915,2026-09-08T10:43:12+09:00,ok
2026-09-08,ive,아이브,IVE,IVE,1110403,171044981,2026-09-08T10:43:12+09:00,ok
2026-09-08,iu,아이유,IU,IU,1121935,93794219,2026-09-08T10:43:12+09:00,ok
2026-09-08,aespa,에스파,aespa,aespa,1446799,300573830,2026-09-08T10:43:12+09:00,ok
2026-09-08,ateez,에이티즈,ATEEZ,ATEEZ,866707,232919727,2026-09-08T10:43:12+09:00,ok
2026-09-08,txt,투모로우바이투게더,TOMORROW X TOGETHER,TOMORROW X TOGETHER,1295255,462681211,2026-09-08T10:43:12+09:00,ok
2026-09-09,newjeans,뉴진스,NewJeans,NewJeans,1925579,349515606,2026-09-09T10:50:18+09:00,ok
2026-09-09,lesserafim,르세라핌,LE SSERAFIM,LE SSERAFIM,1831917,334881739,2026-09-09T10:50:18+09:00,ok
2026-09-09,boynextdoor,보이넥스트도어,BOYNEXTDOOR,BOYNEXTDOOR,401543,55933505,2026-09-09T10:50:18+09:00,ok
2026-09-09,seventeen,세븐틴,SEVENTEEN,Seventeen,993939,298016414,2026-09-09T10:50:18+09:00,ok
2026-09-09,straykids,스트레이키즈,Stray Kids,Stray Kids,1428326,517172966,2026-09-09T10:50:18+09:00,ok
2026-09-09,ive,아이브,IVE,IVE,1110711,171077659,2026-09-09T10:50:18+09:00,ok
2026-09-09,iu,아이유,IU,IU,1122128,93802874,2026-09-09T10:50:18+09:00,ok
2026-09-09,aespa,에스파,aespa,aespa,1447391,300700208,2026-09-09T10:50:18+09:00,ok
2026-09-09,ateez,에이티즈,ATEEZ,ATEEZ,866993,232980565,2026-09-09T10:50:18+09:00,ok
2026-09-09,txt,투모로우바이투게더,TOMORROW X TOGETHER,TOMORROW X TOGETHER,1295583,462792552,2026-09-09T10:50:18+09:00,ok
2026-09-10,newjeans,뉴진스,NewJeans,NewJeans,1926086,349581835,2026-09-10T10:46:27+09:00,ok
2026-09-10,lesserafim,르세라핌,LE SSERAFIM,LE SSERAFIM,1832471,334965876,2026-09-10T10:46:27+09:00,ok
2026-09-10,boynextdoor,보이넥스트도어,BOYNEXTDOOR,BOYNEXTDOOR,401692,55967461,2026-09-10T10:46:27+09:00,ok
2026-09-10,seventeen,세븐틴,SEVENTEEN,Seventeen,994160,298046663,2026-09-10T10:46:27+09:00,ok
2026-09-10,straykids,스트레이키즈,Stray Kids,Stray Kids,1428657,517298904,2026-09-10T10:46:27+09:00,ok
2026-09-10,ive,아이브,IVE,IVE,1111002,171109646,2026-09-10T10:46:27+09:00,ok
2026-09-10,iu,아이유,IU,IU,1122313,93814583,2026-09-10T10:46:27+09:00,ok
2026-09-10,aespa,에스파,aespa,aespa,1447967,300835117,2026-09-10T10:46:27+09:00,ok
2026-09-10,ateez,에이티즈,ATEEZ,ATEEZ,867286,233043557,2026-09-10T10:46:27+09:00,ok
2026-09-10,txt,투모로우바이투게더,TOMORROW X TOGETHER,TOMORROW X TOGETHER,1295885,462901677,2026-09-10T10:46:27+09:00,ok
2026-09-11,newjeans,뉴진스,NewJeans,NewJeans,1926641,349650858,2026-09-11T10:44:56+09:00,ok
2026-09-11,lesserafim,르세라핌,LE SSERAFIM,LE SSERAFIM,1833034,335047452,2026-09-11T10:44:56+09:00,ok
2026-09-11,boynextdoor,보이넥스트도어,BOYNEXTDOOR,BOYNEXTDOOR,401880,56001550,2026-09-11T10:44:56+09:00,ok
2026-09-11,seventeen,세븐틴,SEVENTEEN,Seventeen,994348,298075133,2026-09-11T10:44:56+09:00,ok
2026-09-11,straykids,스트레이키즈,Stray Kids,Stray Kids,1428981,517419765,2026-09-11T10:44:56+09:00,ok
2026-09-11,ive,아이브,IVE,IVE,1111295,171141625,2026-09-11T10:44:56+09:00,ok
2026-09-11,iu,아이유,IU,IU,1122532,93823361,2026-09-11T10:44:56+09:00,ok
2026-09-11,aespa,에스파,aespa,aespa,1448558,300963081,2026-09-11T10:44:56+09:00,ok
2026-09-11,ateez,에이티즈,ATEEZ,ATEEZ,867542,233104854,2026-09-11T10:44:56+09:00,ok
2026-09-11,txt,투모로우바이투게더,TOMORROW X TOGETHER,TOMORROW X TOGETHER,1296168,463013738,2026-09-11T10:44:56+09:00,ok
2026-09-12,newjeans,뉴진스,NewJeans,NewJeans,1927195,349714558,2026-09-12T10:50:38+09:00,ok
2026-09-12,lesserafim,르세라핌,LE SSERAFIM,LE SSERAFIM,1833626,335146619,2026-09-12T10:50:38+09:00,ok
2026-09-12,boynextdoor,보이넥스트도어,BOYNEXTDOOR,BOYNEXTDOOR,402011,56032610,2026-09-12T10:50:38+09:00,ok
2026-09-12,seventeen,세븐틴,SEVENTEEN,Seventeen,994545,298104030,2026-09-12T10:50:38+09:00,ok
2026-09-12,straykids,스트레이키즈,Stray Kids,Stray Kids,1429307,517548970,2026-09-12T10:50:38+09:00,ok
2026-09-12,ive,아이브,IVE,IVE,1111600,171176192,2026-09-12T10:50:38+09:00,ok
2026-09-12,iu,아이유,IU,IU,1122803,93849654,2026-09-12T10:50:38+09:00,ok
2026-09-12,aespa,에스파,aespa,aespa,1449134,301093163,2026-09-12T10:50:38+09:00,ok
2026-09-12,ateez,에이티즈,ATEEZ,ATEEZ,867823,233168092,2026-09-12T10:50:38+09:00,ok
2026-09-12,txt,투모로우바이투게더,TOMORROW X TOGETHER,TOMORROW X TOGETHER,1296430,463119277,2026-09-12T10:50:38+09:00,ok
2026-09-13,newjeans,뉴진스,NewJeans,NewJeans,1927811,349782305,2026-09-13T10:42:04+09:00,ok
2026-09-13,lesserafim,르세라핌,LE SSERAFIM,LE SSERAFIM,1834398,335315291,2026-09-13T10:42:04+09:00,ok
2026-09-13,boynextdoor,보이넥스트도어,BOYNEXTDOOR,BOYNEXTDOOR,402182,56064320,2026-09-13T10:42:04+09:00,ok
2026-09-13,seventeen,세븐틴,SEVENTEEN,Seventeen,994741,298132436,2026-09-13T10:42:04+09:00,ok
2026-09-13,straykids,스트레이키즈,Stray Kids,Stray Kids,1429684,517672223,2026-09-13T10:42:04+09:00,ok
2026-09-13,ive,아이브,IVE,IVE,1111916,171214779,2026-09-13T10:42:04+09:00,ok
2026-09-13,iu,아이유,IU,IU,1123120,93875819,2026-09-13T10:42:04+09:00,ok
2026-09-13,aespa,에스파,aespa,aespa,1449741,301225177,2026-09-13T10:42:04+09:00,ok
2026-09-13,ateez,에이티즈,ATEEZ,ATEEZ,868106,233229055,2026-09-13T10:42:04+09:00,ok
2026-09-13,txt,투모로우바이투게더,TOMORROW X TOGETHER,TOMORROW X TOGETHER,1296691,463223930,2026-09-13T10:42:04+09:00,ok
2026-09-14,newjeans,뉴진스,NewJeans,NewJeans,1928421,349848173,2026-09-14T11:00:13+09:00,ok
2026-09-14,lesserafim,르세라핌,LE SSERAFIM,LE SSERAFIM,1835160,335467138,2026-09-14T11:00:13+09:00,ok
2026-09-14,boynextdoor,보이넥스트도어,BOYNEXTDOOR,BOYNEXTDOOR,402326,56094276,2026-09-14T11:00:13+09:00,ok
2026-09-14,seventeen,세븐틴,SEVENTEEN,Seventeen,994942,298160093,2026-09-14T11:00:13+09:00,ok
2026-09-14,straykids,스트레이키즈,Stray Kids,Stray Kids,1430153,517789963,2026-09-14T11:00:13+09:00,ok
2026-09-14,ive,아이브,IVE,IVE,1112242,171245944,2026-09-14T11:00:13+09:00,ok
2026-09-14,iu,아이유,IU,IU,1123349,93894238,2026-09-14T11:00:13+09:00,ok
2026-09-14,aespa,에스파,aespa,aespa,1450316,301346604,2026-09-14T11:00:13+09:00,ok
2026-09-14,ateez,에이티즈,ATEEZ,ATEEZ,868410,233289039,2026-09-14T11:00:13+09:00,ok
2026-09-14,txt,투모로우바이투게더,TOMORROW X TOGETHER,TOMORROW X TOGETHER,1297022,463325191,2026-09-14T11:00:13+09:00,ok
2026-09-15,newjeans,뉴진스,NewJeans,NewJeans,1929019,349912237,2026-09-15T11:08:06+09:00,ok
2026-09-15,lesserafim,르세라핌,LE SSERAFIM,LE SSERAFIM,1835847,335612767,2026-09-15T11:08:06+09:00,ok
2026-09-15,boynextdoor,보이넥스트도어,BOYNEXTDOOR,BOYNEXTDOOR,402445,56123557,2026-09-15T11:08:06+09:00,ok
2026-09-15,seventeen,세븐틴,SEVENTEEN,Seventeen,995122,298188031,2026-09-15T11:08:06+09:00,ok
2026-09-15,straykids,스트레이키즈,Stray Kids,Stray Kids,1430540,517901600,2026-09-15T11:08:06+09:00,ok
2026-09-15,ive,아이브,IVE,IVE,1112543,171277338,2026-09-15T11:08:06+09:00,ok
2026-09-15,iu,아이유,IU,IU,1123598,93910002,2026-09-15T11:08:06+09:00,ok
2026-09-15,aespa,에스파,aespa,aespa,1450925,301463094,2026-09-15T11:08:06+09:00,ok
2026-09-15,ateez,에이티즈,ATEEZ,ATEEZ,868693,233353122,2026-09-15T11:08:06+09:00,ok
2026-09-15,txt,투모로우바이투게더,TOMORROW X TOGETHER,TOMORROW X TOGETHER,1297288,463420980,2026-09-15T11:08:06+09:00,ok
2026-09-16,newjeans,뉴진스,NewJeans,NewJeans,1929573,349981764,2026-09-16T10:59:47+09:00,ok
2026-09-16,lesserafim,르세라핌,LE SSERAFIM,LE SSERAFIM,1836529,335754205,2026-09-16T10:59:47+09:00,ok
2026-09-16,boynextdoor,보이넥스트도어,BOYNEXTDOOR,BOYNEXTDOOR,402599,56156491,2026-09-16T10:59:47+09:00,ok
2026-09-16,seventeen,세븐틴,SEVENTEEN,Seventeen,995307,298217580,2026-09-16T10:59:47+09:00,ok
2026-09-16,straykids,스트레이키즈,Stray Kids,Stray Kids,1430903,518023617,2026-09-16T10:59:47+09:00,ok
2026-09-16,ive,아이브,IVE,IVE,1112834,171309902,2026-09-16T10:59:47+09:00,ok
2026-09-16,iu,아이유,IU,IU,1123826,93926761,2026-09-16T10:59:47+09:00,ok
2026-09-16,aespa,에스파,aespa,aespa,1451537,301650383,2026-09-16T10:59:47+09:00,ok
2026-09-16,ateez,에이티즈,ATEEZ,ATEEZ,868988,233416674,2026-09-16T10:59:47+09:00,ok
2026-09-16,txt,투모로우바이투게더,TOMORROW X TOGETHER,TOMORROW X TOGETHER,1297536,463526474,2026-09-16T10:59:47+09:00,ok
2026-09-17,newjeans,뉴진스,NewJeans,NewJeans,1930152,350049961,2026-09-17T11:03:59+09:00,ok
2026-09-17,lesserafim,르세라핌,LE SSERAFIM,LE SSERAFIM,1837240,335887200,2026-09-17T11:03:59+09:00,ok
2026-09-17,boynextdoor,보이넥스트도어,BOYNEXTDOOR,BOYNEXTDOOR,402744,56189028,2026-09-17T11:03:59+09:00,ok
2026-09-17,seventeen,세븐틴,SEVENTEEN,Seventeen,995473,298246715,2026-09-17T11:03:59+09:00,ok
2026-09-17,straykids,스트레이키즈,Stray Kids,Stray Kids,1431243,518145454,2026-09-17T11:03:59+09:00,ok
2026-09-17,ive,아이브,IVE,IVE,1113080,171343311,2026-09-17T11:03:59+09:00,ok
2026-09-17,iu,아이유,IU,IU,1124067,93943313,2026-09-17T11:03:59+09:00,ok
2026-09-17,aespa,에스파,aespa,aespa,1452105,301840398,2026-09-17T11:03:59+09:00,ok
2026-09-17,ateez,에이티즈,ATEEZ,ATEEZ,869274,233476296,2026-09-17T11:03:59+09:00,ok
2026-09-17,txt,투모로우바이투게더,TOMORROW X TOGETHER,TOMORROW X TOGETHER,1297756,463626537,2026-09-17T11:03:59+09:00,ok
2026-09-18,newjeans,뉴진스,NewJeans,NewJeans,1930616,350122845,2026-09-18T10:51:41+09:00,ok
2026-09-18,lesserafim,르세라핌,LE SSERAFIM,LE SSERAFIM,1837843,336019024,2026-09-18T10:51:41+09:00,ok
2026-09-18,boynextdoor,보이넥스트도어,BOYNEXTDOOR,BOYNEXTDOOR,402854,56217702,2026-09-18T10:51:41+09:00,ok
2026-09-18,seventeen,세븐틴,SEVENTEEN,Seventeen,995640,298275408,2026-09-18T10:51:41+09:00,ok
2026-09-18,straykids,스트레이키즈,Stray Kids,Stray Kids,1431560,518259840,2026-09-18T10:51:41+09:00,ok
2026-09-18,ive,아이브,IVE,IVE,1113374,171377858,2026-09-18T10:51:41+09:00,ok
2026-09-18,iu,아이유,IU,IU,1124336,93959726,2026-09-18T10:51:41+09:00,ok
2026-09-18,aespa,에스파,aespa,aespa,1452601,302008903,2026-09-18T10:51:41+09:00,ok
2026-09-18,ateez,에이티즈,ATEEZ,ATEEZ,869562,233540625,2026-09-18T10:51:41+09:00,ok
2026-09-18,txt,투모로우바이투게더,TOMORROW X TOGETHER,TOMORROW X TOGETHER,1298037,463726668,2026-09-18T10:51:41+09:00,ok
2026-09-19,newjeans,뉴진스,NewJeans,NewJeans,1931118,350195842,2026-09-19T10:56:03+09:00,ok
2026-09-19,lesserafim,르세라핌,LE SSERAFIM,LE SSERAFIM,1838484,336143078,2026-09-19T10:56:03+09:00,ok
2026-09-19,boynextdoor,보이넥스트도어,BOYNEXTDOOR,BOYNEXTDOOR,402978,56247329,2026-09-19T10:56:03+09:00,ok
2026-09-19,seventeen,세븐틴,SEVENTEEN,Seventeen,995802,298304430,2026-09-19T10:56:03+09:00,ok
2026-09-19,straykids,스트레이키즈,Stray Kids,Stray Kids,1431891,518377598,2026-09-19T10:56:03+09:00,ok
2026-09-19,ive,아이브,IVE,IVE,1113671,171413131,2026-09-19T10:56:03+09:00,ok
2026-09-19,iu,아이유,IU,IU,1124592,93975663,2026-09-19T10:56:03+09:00,ok
2026-09-19,aespa,에스파,aespa,aespa,1453085,302170365,2026-09-19T10:56:03+09:00,ok
2026-09-19,ateez,에이티즈,ATEEZ,ATEEZ,869888,233602230,2026-09-19T10:56:03+09:00,ok
2026-09-19,txt,투모로우바이투게더,TOMORROW X TOGETHER,TOMORROW X TOGETHER,1298316,463826164,2026-09-19T10:56:03+09:00,ok
2026-09-20,newjeans,뉴진스,NewJeans,NewJeans,1931593,350265266,2026-09-20T10:59:13+09:00,ok
2026-09-20,lesserafim,르세라핌,LE SSERAFIM,LE SSERAFIM,1839197,336261838,2026-09-20T10:59:13+09:00,ok
2026-09-20,boynextdoor,보이넥스트도어,BOYNEXTDOOR,BOYNEXTDOOR,403093,56275973,2026-09-20T10:59:13+09:00,ok
2026-09-20,seventeen,세븐틴,SEVENTEEN,Seventeen,995964,298332799,2026-09-20T10:59:13+09:00,ok
2026-09-20,straykids,스트레이키즈,Stray Kids,Stray Kids,1432197,518488597,2026-09-20T10:59:13+09:00,ok
2026-09-20,ive,아이브,IVE,IVE,1113921,171448924,2026-09-20T10:59:13+09:00,ok
2026-09-20,iu,아이유,IU,IU,1124859,93991228,2026-09-20T10:59:13+09:00,ok
2026-09-20,aespa,에스파,aespa,aespa,1453570,302325799,2026-09-20T10:59:13+09:00,ok
2026-09-20,ateez,에이티즈,ATEEZ,ATEEZ,870192,233660843,2026-09-20T10:59:13+09:00,ok
2026-09-20,txt,투모로우바이투게더,TOMORROW X TOGETHER,TOMORROW X TOGETHER,1298574,463918814,2026-09-20T10:59:13+09:00,ok
2026-09-21,newjeans,뉴진스,NewJeans,NewJeans,1932119,350333630,2026-09-21T10:59:54+09:00,ok
2026-09-21,lesserafim,르세라핌,LE SSERAFIM,LE SSERAFIM,1839911,336375314,2026-09-21T10:59:54+09:00,ok
2026-09-21,boynextdoor,보이넥스트도어,BOYNEXTDOOR,BOYNEXTDOOR,403219,56302117,2026-09-21T10:59:54+09:00,ok
2026-09-21,seventeen,세븐틴,SEVENTEEN,Seventeen,996155,298359574,2026-09-21T10:59:54+09:00,ok
2026-09-21,straykids,스트레이키즈,Stray Kids,Stray Kids,1432519,518590131,2026-09-21T10:59:54+09:00,ok
2026-09-21,ive,아이브,IVE,IVE,1114201,171480468,2026-09-21T10:59:54+09:00,ok
2026-09-21,iu,아이유,IU,IU,1125099,94004428,2026-09-21T10:59:54+09:00,ok
2026-09-21,aespa,에스파,aespa,aespa,1454059,302459475,2026-09-21T10:59:54+09:00,ok
2026-09-21,ateez,에이티즈,ATEEZ,ATEEZ,870477,233711150,2026-09-21T10:59:54+09:00,ok
2026-09-21,txt,투모로우바이투게더,TOMORROW X TOGETHER,TOMORROW X TOGETHER,1298839,464009492,2026-09-21T10:59:54+09:00,ok
2026-09-22,newjeans,뉴진스,NewJeans,NewJeans,1932647,350397573,2026-09-22T11:06:25+09:00,ok
2026-09-22,lesserafim,르세라핌,LE SSERAFIM,LE SSERAFIM,1840585,336487950,2026-09-22T11:06:25+09:00,ok
2026-09-22,boynextdoor,보이넥스트도어,BOYNEXTDOOR,BOYNEXTDOOR,403349,56328291,2026-09-22T11:06:25+09:00,ok
2026-09-22,seventeen,세븐틴,SEVENTEEN,Seventeen,996334,298387061,2026-09-22T11:06:25+09:00,ok
2026-09-22,straykids,스트레이키즈,Stray Kids,Stray Kids,1432832,518694183,2026-09-22T11:06:25+09:00,ok
2026-09-22,ive,아이브,IVE,IVE,1114469,171514642,2026-09-22T11:06:25+09:00,ok
2026-09-22,iu,아이유,IU,IU,1125348,94017753,2026-09-22T11:06:25+09:00,ok
2026-09-22,aespa,에스파,aespa,aespa,1454574,302593532,2026-09-22T11:06:25+09:00,ok
2026-09-22,ateez,에이티즈,ATEEZ,ATEEZ,870739,233764343,2026-09-22T11:06:25+09:00,ok
2026-09-22,txt,투모로우바이투게더,TOMORROW X TOGETHER,TOMORROW X TOGETHER,1299103,464105531,2026-09-22T11:06:25+09:00,ok
2026-09-23,newjeans,뉴진스,NewJeans,NewJeans,1933140,350465416,2026-09-23T11:05:38+09:00,ok
2026-09-23,lesserafim,르세라핌,LE SSERAFIM,LE SSERAFIM,1841201,336603518,2026-09-23T11:05:38+09:00,ok
2026-09-23,boynextdoor,보이넥스트도어,BOYNEXTDOOR,BOYNEXTDOOR,403474,56356635,2026-09-23T11:05:38+09:00,ok
2026-09-23,seventeen,세븐틴,SEVENTEEN,Seventeen,996484,298416988,2026-09-23T11:05:38+09:00,ok
2026-09-23,straykids,스트레이키즈,Stray Kids,Stray Kids,1433127,518801882,2026-09-23T11:05:38+09:00,ok
2026-09-23,ive,아이브,IVE,IVE,1114706,171549882,2026-09-23T11:05:38+09:00,ok
2026-09-23,iu,아이유,IU,IU,1125603,94033201,2026-09-23T11:05:38+09:00,ok
2026-09-23,aespa,에스파,aespa,aespa,1455060,302729501,2026-09-23T11:05:38+09:00,ok
2026-09-23,ateez,에이티즈,ATEEZ,ATEEZ,871024,233824799,2026-09-23T11:05:38+09:00,ok
2026-09-23,txt,투모로우바이투게더,TOMORROW X TOGETHER,TOMORROW X TOGETHER,1299373,464209329,2026-09-23T11:05:38+09:00,ok
2026-09-24,newjeans,뉴진스,NewJeans,NewJeans,1933640,350530547,2026-09-24T10:53:33+09:00,ok
2026-09-24,lesserafim,르세라핌,LE SSERAFIM,LE SSERAFIM,1841793,336709792,2026-09-24T10:53:33+09:00,ok
2026-09-24,boynextdoor,보이넥스트도어,BOYNEXTDOOR,BOYNEXTDOOR,403607,56384187,2026-09-24T10:53:33+09:00,ok
2026-09-24,seventeen,세븐틴,SEVENTEEN,Seventeen,996664,298445854,2026-09-24T10:53:33+09:00,ok
2026-09-24,straykids,스트레이키즈,Stray Kids,Stray Kids,1433437,518910121,2026-09-24T10:53:33+09:00,ok
2026-09-24,ive,아이브,IVE,IVE,1114946,171582120,2026-09-24T10:53:33+09:00,ok
2026-09-24,iu,아이유,IU,IU,1125845,94048928,2026-09-24T10:53:33+09:00,ok
2026-09-24,aespa,에스파,aespa,aespa,1455501,302863674,2026-09-24T10:53:33+09:00,ok
2026-09-24,ateez,에이티즈,ATEEZ,ATEEZ,871290,233882031,2026-09-24T10:53:33+09:00,ok
2026-09-24,txt,투모로우바이투게더,TOMORROW X TOGETHER,TOMORROW X TOGETHER,1299642,464310004,2026-09-24T10:53:33+09:00,ok
2026-09-25,newjeans,뉴진스,NewJeans,NewJeans,1934199,350600456,2026-09-25T11:10:17+09:00,ok
2026-09-25,lesserafim,르세라핌,LE SSERAFIM,LE SSERAFIM,1842440,336815144,2026-09-25T11:10:17+09:00,ok
2026-09-25,boynextdoor,보이넥스트도어,BOYNEXTDOOR,BOYNEXTDOOR,403734,56411863,2026-09-25T11:10:17+09:00,ok
2026-09-25,seventeen,세븐틴,SEVENTEEN,Seventeen,996825,298475038,2026-09-25T11:10:17+09:00,ok
2026-09-25,straykids,스트레이키즈,Stray Kids,Stray Kids,1433747,519023264,2026-09-25T11:10:17+09:00,ok
2026-09-25,ive,아이브,IVE,IVE,1115207,171614891,2026-09-25T11:10:17+09:00,ok
2026-09-25,iu,아이유,IU,IU,1126113,94064135,2026-09-25T11:10:17+09:00,ok
2026-09-25,aespa,에스파,aespa,aespa,1455979,302994021,2026-09-25T11:10:17+09:00,ok
2026-09-25,ateez,에이티즈,ATEEZ,ATEEZ,871583,233940239,2026-09-25T11:10:17+09:00,ok
2026-09-25,txt,투모로우바이투게더,TOMORROW X TOGETHER,TOMORROW X TOGETHER,1299895,464408704,2026-09-25T11:10:17+09:00,ok
2026-09-26,newjeans,뉴진스,NewJeans,NewJeans,1934750,350673797,2026-09-26T11:15:48+09:00,ok
2026-09-26,lesserafim,르세라핌,LE SSERAFIM,LE SSERAFIM,1843028,336917992,2026-09-26T11:15:48+09:00,ok
2026-09-26,boynextdoor,보이넥스트도어,BOYNEXTDOOR,BOYNEXTDOOR,403834,56437343,2026-09-26T11:15:48+09:00,ok
2026-09-26,seventeen,세븐틴,SEVENTEEN,Seventeen,996988,298505305,2026-09-26T11:15:48+09:00,ok
2026-09-26,straykids,스트레이키즈,Stray Kids,Stray Kids,1434064,519132263,2026-09-26T11:15:48+09:00,ok
2026-09-26,ive,아이브,IVE,IVE,1115456,171650896,2026-09-26T11:15:48+09:00,ok
2026-09-26,iu,아이유,IU,IU,1126362,94079974,2026-09-26T11:15:48+09:00,ok
2026-09-26,aespa,에스파,aespa,aespa,1456489,303130281,2026-09-26T11:15:48+09:00,ok
2026-09-26,ateez,에이티즈,ATEEZ,ATEEZ,871868,234004720,2026-09-26T11:15:48+09:00,ok
2026-09-26,txt,투모로우바이투게더,TOMORROW X TOGETHER,TOMORROW X TOGETHER,1300146,464508235,2026-09-26T11:15:48+09:00,ok
2026-09-27,newjeans,뉴진스,NewJeans,NewJeans,1935295,350740280,2026-09-27T11:10:05+09:00,ok
2026-09-27,lesserafim,르세라핌,LE SSERAFIM,LE SSERAFIM,1843588,337020168,2026-09-27T11:10:05+09:00,ok
2026-09-27,boynextdoor,보이넥스트도어,BOYNEXTDOOR,BOYNEXTDOOR,403965,56463481,2026-09-27T11:10:05+09:00,ok
2026-09-27,seventeen,세븐틴,SEVENTEEN,Seventeen,997165,298536321,2026-09-27T11:10:05+09:00,ok
2026-09-27,straykids,스트레이키즈,Stray Kids,Stray Kids,1434376,519241055,2026-09-27T11:10:05+09:00,ok
2026-09-27,ive,아이브,IVE,IVE,1115698,171688961,2026-09-27T11:10:05+09:00,ok
2026-09-27,iu,아이유,IU,IU,1126623,94094200,2026-09-27T11:10:05+09:00,ok
2026-09-27,aespa,에스파,aespa,aespa,1456970,303256115,2026-09-27T11:10:05+09:00,ok
2026-09-27,ateez,에이티즈,ATEEZ,ATEEZ,872147,234064734,2026-09-27T11:10:05+09:00,ok
2026-09-27,txt,투모로우바이투게더,TOMORROW X TOGETHER,TOMORROW X TOGETHER,1300412,464610314,2026-09-27T11:10:05+09:00,ok
2026-09-28,newjeans,뉴진스,NewJeans,NewJeans,1935902,350809948,2026-09-28T11:14:17+09:00,ok
2026-09-28,lesserafim,르세라핌,LE SSERAFIM,LE SSERAFIM,1844244,337115919,2026-09-28T11:14:17+09:00,ok
2026-09-28,boynextdoor,보이넥스트도어,BOYNEXTDOOR,BOYNEXTDOOR,404093,56488289,2026-09-28T11:14:17+09:00,ok
2026-09-28,seventeen,세븐틴,SEVENTEEN,Seventeen,997365,298563864,2026-09-28T11:14:17+09:00,ok
2026-09-28,straykids,스트레이키즈,Stray Kids,Stray Kids,1434682,519339321,2026-09-28T11:14:17+09:00,ok
2026-09-28,ive,아이브,IVE,IVE,1115949,171719948,2026-09-28T11:14:17+09:00,ok
2026-09-28,iu,아이유,IU,IU,1126893,94106402,2026-09-28T11:14:17+09:00,ok
2026-09-28,aespa,에스파,aespa,aespa,1457451,303377145,2026-09-28T11:14:17+09:00,ok
2026-09-28,ateez,에이티즈,ATEEZ,ATEEZ,872413,234121337,2026-09-28T11:14:17+09:00,ok
2026-09-28,txt,투모로우바이투게더,TOMORROW X TOGETHER,TOMORROW X TOGETHER,1300638,464704491,2026-09-28T11:14:17+09:00,ok
2026-09-29,newjeans,뉴진스,NewJeans,NewJeans,1936460,350879624,2026-09-29T11:59:39+09:00,ok
2026-09-29,lesserafim,르세라핌,LE SSERAFIM,LE SSERAFIM,1844834,337209489,2026-09-29T11:59:39+09:00,ok
2026-09-29,boynextdoor,보이넥스트도어,BOYNEXTDOOR,BOYNEXTDOOR,404226,56514887,2026-09-29T11:59:39+09:00,ok
2026-09-29,seventeen,세븐틴,SEVENTEEN,Seventeen,997553,298590777,2026-09-29T11:59:39+09:00,ok
2026-09-29,straykids,스트레이키즈,Stray Kids,Stray Kids,1434993,519439282,2026-09-29T11:59:39+09:00,ok
2026-09-29,ive,아이브,IVE,IVE,1116201,171753382,2026-09-29T11:59:39+09:00,ok
2026-09-29,iu,아이유,IU,IU,1127136,94118463,2026-09-29T11:59:39+09:00,ok
2026-09-29,aespa,에스파,aespa,aespa,1457941,303498187,2026-09-29T11:59:39+09:00,ok
2026-09-29,ateez,에이티즈,ATEEZ,ATEEZ,872726,234181530,2026-09-29T11:59:39+09:00,ok
2026-09-29,txt,투모로우바이투게더,TOMORROW X TOGETHER,TOMORROW X TOGETHER,1300931,464803684,2026-09-29T11:59:39+09:00,ok
2026-09-30,newjeans,뉴진스,NewJeans,NewJeans,1937001,350951294,2026-09-30T11:41:03+09:00,ok
2026-09-30,lesserafim,르세라핌,LE SSERAFIM,LE SSERAFIM,1845396,337306847,2026-09-30T11:41:03+09:00,ok
2026-09-30,boynextdoor,보이넥스트도어,BOYNEXTDOOR,BOYNEXTDOOR,404410,56597857,2026-09-30T11:41:03+09:00,ok
2026-09-30,seventeen,세븐틴,SEVENTEEN,Seventeen,997729,298623109,2026-09-30T11:41:03+09:00,ok
2026-09-30,straykids,스트레이키즈,Stray Kids,Stray Kids,1435275,519549063,2026-09-30T11:41:03+09:00,ok
2026-09-30,ive,아이브,IVE,IVE,1116439,171791911,2026-09-30T11:41:03+09:00,ok
2026-09-30,iu,아이유,IU,IU,1127386,94131305,2026-09-30T11:41:03+09:00,ok
2026-09-30,aespa,에스파,aespa,aespa,1458371,303627192,2026-09-30T11:41:03+09:00,ok
2026-09-30,ateez,에이티즈,ATEEZ,ATEEZ,872992,234243532,2026-09-30T11:41:03+09:00,ok
2026-09-30,txt,투모로우바이투게더,TOMORROW X TOGETHER,TOMORROW X TOGETHER,1301188,464911465,2026-09-30T11:41:03+09:00,ok
2026-10-01,newjeans,뉴진스,NewJeans,NewJeans,1937516,351019243,2026-10-01T11:45:53+09:00,ok
2026-10-01,lesserafim,르세라핌,LE SSERAFIM,LE SSERAFIM,1845931,337400552,2026-10-01T11:45:53+09:00,ok
2026-10-01,boynextdoor,보이넥스트도어,BOYNEXTDOOR,BOYNEXTDOOR,404633,56671783,2026-10-01T11:45:53+09:00,ok
2026-10-01,seventeen,세븐틴,SEVENTEEN,Seventeen,997888,298652122,2026-10-01T11:45:53+09:00,ok
2026-10-01,straykids,스트레이키즈,Stray Kids,Stray Kids,1435534,519653172,2026-10-01T11:45:53+09:00,ok
2026-10-01,ive,아이브,IVE,IVE,1116672,171828799,2026-10-01T11:45:53+09:00,ok
2026-10-01,iu,아이유,IU,IU,1127655,94145790,2026-10-01T11:45:53+09:00,ok
2026-10-01,aespa,에스파,aespa,aespa,1458784,303751712,2026-10-01T11:45:53+09:00,ok
2026-10-01,ateez,에이티즈,ATEEZ,ATEEZ,873236,234298804,2026-10-01T11:45:53+09:00,ok
2026-10-01,txt,투모로우바이투게더,TOMORROW X TOGETHER,TOMORROW X TOGETHER,1301425,465023084,2026-10-01T11:45:53+09:00,ok
2026-10-02,newjeans,뉴진스,NewJeans,NewJeans,1938055,351091246,2026-10-02T11:49:32+09:00,ok
2026-10-02,lesserafim,르세라핌,LE SSERAFIM,LE SSERAFIM,1846480,337495030,2026-10-02T11:49:32+09:00,ok
2026-10-02,boynextdoor,보이넥스트도어,BOYNEXTDOOR,BOYNEXTDOOR,404807,56732596,2026-10-02T11:49:32+09:00,ok
2026-10-02,seventeen,세븐틴,SEVENTEEN,Seventeen,998081,298683555,2026-10-02T11:49:32+09:00,ok
2026-10-02,straykids,스트레이키즈,Stray Kids,Stray Kids,1435810,519759416,2026-10-02T11:49:32+09:00,ok
2026-10-02,ive,아이브,IVE,IVE,1116904,171867131,2026-10-02T11:49:32+09:00,ok
2026-10-02,iu,아이유,IU,IU,1127873,94159091,2026-10-02T11:49:32+09:00,ok
2026-10-02,aespa,에스파,aespa,aespa,1459279,303874232,2026-10-02T11:49:32+09:00,ok
2026-10-02,ateez,에이티즈,ATEEZ,ATEEZ,873523,234362204,2026-10-02T11:49:32+09:00,ok
2026-10-02,txt,투모로우바이투게더,TOMORROW X TOGETHER,TOMORROW X TOGETHER,1301715,465134471,2026-10-02T11:49:32+09:00,ok
2026-10-03,newjeans,뉴진스,NewJeans,NewJeans,1938565,351159471,2026-10-03T11:36:04+09:00,ok
2026-10-03,lesserafim,르세라핌,LE SSERAFIM,LE SSERAFIM,1847091,337589369,2026-10-03T11:36:04+09:00,ok
2026-10-03,boynextdoor,보이넥스트도어,BOYNEXTDOOR,BOYNEXTDOOR,405007,56786344,2026-10-03T11:36:04+09:00,ok
2026-10-03,seventeen,세븐틴,SEVENTEEN,Seventeen,998236,298712742,2026-10-03T11:36:04+09:00,ok
2026-10-03,straykids,스트레이키즈,Stray Kids,Stray Kids,1436108,519863708,2026-10-03T11:36:04+09:00,ok
2026-10-03,ive,아이브,IVE,IVE,1117170,171904139,2026-10-03T11:36:04+09:00,ok
2026-10-03,iu,아이유,IU,IU,1128071,94171947,2026-10-03T11:36:04+09:00,ok
2026-10-03,aespa,에스파,aespa,aespa,1459728,303996386,2026-10-03T11:36:04+09:00,ok
2026-10-03,ateez,에이티즈,ATEEZ,ATEEZ,873827,234421562,2026-10-03T11:36:04+09:00,ok
2026-10-03,txt,투모로우바이투게더,TOMORROW X TOGETHER,TOMORROW X TOGETHER,1301980,465238601,2026-10-03T11:36:04+09:00,ok
2026-10-04,riize,RIIZE,RIIZE,RIIZE,445851,34292306,2026-10-04T12:07:14+09:00,ok
2026-10-04,newjeans,뉴진스,NewJeans,NewJeans,1939100,351223882,2026-10-04T12:07:14+09:00,ok
2026-10-04,rose,로제(ROSÉ),Rosé,Rosé,1775378,111506777,2026-10-04T12:07:14+09:00,ok
2026-10-04,lesserafim,르세라핌,LE SSERAFIM,LE SSERAFIM,1847698,337685352,2026-10-04T12:07:14+09:00,ok
2026-10-04,bts,방탄소년단,BTS,BTS,2582581,4827400539,2026-10-04T12:07:14+09:00,ok
2026-10-04,boynextdoor,보이넥스트도어,BOYNEXTDOOR,BOYNEXTDOOR,405231,56840948,2026-10-04T12:07:14+09:00,ok
2026-10-04,blackpink,블랙핑크,BLACKPINK,BLACKPINK,2092867,327058062,2026-10-04T12:07:14+09:00,ok
2026-10-04,seventeen,세븐틴,SEVENTEEN,Seventeen,998437,298740387,2026-10-04T12:07:14+09:00,ok
2026-10-04,straykids,스트레이키즈,Stray Kids,Stray Kids,1436426,519964130,2026-10-04T12:07:14+09:00,ok
2026-10-04,ive,아이브,IVE,IVE,1117434,171942818,2026-10-04T12:07:14+09:00,ok
2026-10-04,iu,아이유,IU,IU,1128268,94185368,2026-10-04T12:07:14+09:00,ok
2026-10-04,aespa,에스파,aespa,aespa,1460194,304114773,2026-10-04T12:07:14+09:00,ok
2026-10-04,ateez,에이티즈,ATEEZ,ATEEZ,874125,234478438,2026-10-04T12:07:14+09:00,ok
2026-10-04,enhypen,엔하이픈,ENHYPEN,ENHYPEN,1220630,386812668,2026-10-04T12:07:14+09:00,ok
2026-10-04,jungkook,정국,Jung Kook,Jung Kook,1571460,839127048,2026-10-04T12:07:14+09:00,ok
2026-10-04,jennie,제니 (JENNIE),Jennie,Jennie,1622306,122422754,2026-10-04T12:07:14+09:00,ok
2026-10-04,jimin,지민,Jimin,Jimin,941459,835880059,2026-10-04T12:07:14+09:00,ok
2026-10-04,txt,투모로우바이투게더,TOMORROW X TOGETHER,TOMORROW X TOGETHER,1302269,465340349,2026-10-04T12:07:14+09:00,ok
2026-10-04,twice,트와이스,TWICE,TWICE,2031205,528097988,2026-10-04T12:07:14+09:00,ok
2026-10-05,riize,RIIZE,RIIZE,RIIZE,445974,34300077,2026-10-05T11:40:41+09:00,ok
2026-10-05,newjeans,뉴진스,NewJeans,NewJeans,1939655,351292458,2026-10-05T11:40:41+09:00,ok
2026-10-05,rose,로제(ROSÉ),Rosé,Rosé,1775814,111536599,2026-10-05T11:40:41+09:00,ok
2026-10-05,lesserafim,르세라핌,LE SSERAFIM,LE SSERAFIM,1848294,337775863,2026-10-05T11:40:41+09:00,ok
2026-10-05,bts,방탄소년단,BTS,BTS,2583043,4829618089,2026-10-05T11:40:41+09:00,ok
2026-10-05,boynextdoor,보이넥스트도어,BOYNEXTDOOR,BOYNEXTDOOR,405456,56893623,2026-10-05T11:40:41+09:00,ok
2026-10-05,blackpink,블랙핑크,BLACKPINK,BLACKPINK,2093262,327096799,2026-10-05T11:40:41+09:00,ok
2026-10-05,seventeen,세븐틴,SEVENTEEN,Seventeen,998628,298767410,2026-10-05T11:40:41+09:00,ok
2026-10-05,straykids,스트레이키즈,Stray Kids,Stray Kids,1436696,520055893,2026-10-05T11:40:41+09:00,ok
2026-10-05,ive,아이브,IVE,IVE,1117709,171982593,2026-10-05T11:40:41+09:00,ok
2026-10-05,iu,아이유,IU,IU,1128467,94197020,2026-10-05T11:40:41+09:00,ok
2026-10-05,aespa,에스파,aespa,aespa,1460670,304230409,2026-10-05T11:40:41+09:00,ok
2026-10-05,ateez,에이티즈,ATEEZ,ATEEZ,874404,234528533,2026-10-05T11:40:41+09:00,ok
2026-10-05,enhypen,엔하이픈,ENHYPEN,ENHYPEN,1221068,386982396,2026-10-05T11:40:41+09:00,ok
2026-10-05,jungkook,정국,Jung Kook,Jung Kook,1571716,839201505,2026-10-05T11:40:41+09:00,ok
2026-10-05,jennie,제니 (JENNIE),Jennie,Jennie,1622716,122458723,2026-10-05T11:40:41+09:00,ok
2026-10-05,jimin,지민,Jimin,Jimin,941562,835981274,2026-10-05T11:40:41+09:00,ok
2026-10-05,txt,투모로우바이투게더,TOMORROW X TOGETHER,TOMORROW X TOGETHER,1302562,465437570,2026-10-05T11:40:41+09:00,ok
2026-10-05,twice,트와이스,TWICE,TWICE,2031685,528171975,2026-10-05T11:40:41+09:00,ok
